,playlist_id,track_id,track_name,track_external_urls,release_date,artist_name,relevance
0,5owFYKDZnehRxuuOLk36iS,1MDyUzZgyrdeQVmV1FU3WQ,Als du gingst - edit,https://open.spotify.com/track/1MDyUzZgyrdeQVmV1FU3WQ,,"Contec, Lina Maly",202.0
1,5owFYKDZnehRxuuOLk36iS,3t854jxXLppSGbOEYGQ3mI,Shake That,https://open.spotify.com/track/3t854jxXLppSGbOEYGQ3mI,,"Sonny Wern, Danimal, okafuwa",209.0
2,5owFYKDZnehRxuuOLk36iS,5yujUAF2VoPWKfYMKoBqSK,Wie? - Techno,https://open.spotify.com/track/5yujUAF2VoPWKfYMKoBqSK,,"FUTURAMI, XEKNO!",58.0
3,5owFYKDZnehRxuuOLk36iS,4zRKaWqz94saRIpW5hPcHC,STARGAZING - TECHNO,https://open.spotify.com/track/4zRKaWqz94saRIpW5hPcHC,,"XEKNO!, TEKTOSHI, VXLTAGE",64.0
4,5owFYKDZnehRxuuOLk36iS,0bb1R14dsWjFO01iJ6GqF3,SHE DOESN'T MIND - TECHNO,https://open.spotify.com/track/0bb1R14dsWjFO01iJ6GqF3,,"PSYKADELIK, TEKTOSHI, Phantom X",73.0
5,5owFYKDZnehRxuuOLk36iS,6CCdrJ4Ww14PdF06ZKPecs,Ordinary - Techno,https://open.spotify.com/track/6CCdrJ4Ww14PdF06ZKPecs,,"FUTURAMI, AY LYEN",44.0
6,5owFYKDZnehRxuuOLk36iS,5CzE7ZjBX7jIdsLGCCQtBw,That's So True - Techno,https://open.spotify.com/track/5CzE7ZjBX7jIdsLGCCQtBw,,"XEKNO!, AY LYEN, HYPER BUNKER",58.0
7,5owFYKDZnehRxuuOLk36iS,3To9ZdAEnZ5qmgqc2dr3GS,A BAR SONG (TIPSY) - TECHNO,https://open.spotify.com/track/3To9ZdAEnZ5qmgqc2dr3GS,,"AY LYEN, HYPER BUNKER, Techno Giant",61.0
8,5owFYKDZnehRxuuOLk36iS,0acm2odfDKZzuRLrViBnTb,All The Small Things,https://open.spotify.com/track/0acm2odfDKZzuRLrViBnTb,,"Timmy Trumpet, STVW",169.0
9,5owFYKDZnehRxuuOLk36iS,451LJ9nHvu2lfBtGDHUSGW,OUT OF THE DARK - TECHNO,https://open.spotify.com/track/451LJ9nHvu2lfBtGDHUSGW,,"Phantom X, HYPER BUNKER, TEKTOSHI",62.0
10,5owFYKDZnehRxuuOLk36iS,49VwaqVR70NCkVMILhdhgW,We Be Burnin' - Techno,https://open.spotify.com/track/49VwaqVR70NCkVMILhdhgW,,"TEKTOSHI, HYPER BUNKER",48.0
11,5owFYKDZnehRxuuOLk36iS,16SoP0jM5nxqkluMyo3Qny,LIFE IS A HIGHWAY - TECHNO,https://open.spotify.com/track/16SoP0jM5nxqkluMyo3Qny,,"AY LYEN, XEKNO!",54.0
12,5owFYKDZnehRxuuOLk36iS,2RskfmXnkMxDN6R9Mz9uG3,Break The Rules,https://open.spotify.com/track/2RskfmXnkMxDN6R9Mz9uG3,,"KXXMA, YAMAS, MeSSy",181.0
13,5owFYKDZnehRxuuOLk36iS,1k2uiRmzGiOEyESiKB0Qhq,BEAUTIFUL THINGS - TECHNO,https://open.spotify.com/track/1k2uiRmzGiOEyESiKB0Qhq,,FUTURAMI,67.0
14,5owFYKDZnehRxuuOLk36iS,60ZkP1geToEInsjcFbxHy9,Tau Mich Auf - Techno,https://open.spotify.com/track/60ZkP1geToEInsjcFbxHy9,,"TEKTOSHI, AY LYEN, NEON NOVA",42.0
15,5owFYKDZnehRxuuOLk36iS,1qYihA6dAisiTZ7lmzckSm,Schöner fremder Mann - Techno,https://open.spotify.com/track/1qYihA6dAisiTZ7lmzckSm,,"AY LYEN, TEKTOSHI",50.0
16,5owFYKDZnehRxuuOLk36iS,7r2cCbhAbGUE4Izor1ZnlZ,K.O.,https://open.spotify.com/track/7r2cCbhAbGUE4Izor1ZnlZ,,"LAVINIA, Ely Oaks",250.0
17,5owFYKDZnehRxuuOLk36iS,0YOkYEeOSQ6ffEOL7YACPt,I WAS MADE FOR LOVIN' YOU - TECHNO,https://open.spotify.com/track/0YOkYEeOSQ6ffEOL7YACPt,,"VXLTAGE, PSYKADELIK, Techno Giant",59.0
18,5owFYKDZnehRxuuOLk36iS,2JkhyrOoWI7obBM4TMg2Sp,TOTAL ECLIPSE OF THE HEART - TECHNO,https://open.spotify.com/track/2JkhyrOoWI7obBM4TMg2Sp,,"VXLTAGE, TEKTOSHI, Phantom X",59.0
19,5owFYKDZnehRxuuOLk36iS,506zCZaprlrsHDWoMLE6Zh,Gianna - Techno,https://open.spotify.com/track/506zCZaprlrsHDWoMLE6Zh,,"PSYKADELIK, VXLTAGE",42.0
20,5owFYKDZnehRxuuOLk36iS,7GepKj7KmJDksF7u3WHlFt,I Love Rock 'N Roll,https://open.spotify.com/track/7GepKj7KmJDksF7u3WHlFt,,"Nic Johnston, Dante, ANLIL",79.0
21,5owFYKDZnehRxuuOLk36iS,5vXN1aifPUVk0bXogNJ4UY,L'Amour Toujours - Techno,https://open.spotify.com/track/5vXN1aifPUVk0bXogNJ4UY,,"TEKTOSHI, HYPER BUNKER",48.0
22,5owFYKDZnehRxuuOLk36iS,13lbnTuI8svuZjFbDVTn2o,Messy - Techno,https://open.spotify.com/track/13lbnTuI8svuZjFbDVTn2o,,"XEKNO!, NEON NOVA",48.0
23,5owFYKDZnehRxuuOLk36iS,2eCpPIIB0UPGxqrkBB13dW,In My Mind - Techno,https://open.spotify.com/track/2eCpPIIB0UPGxqrkBB13dW,,"Techno Giant, Phantom X",44.0
24,5owFYKDZnehRxuuOLk36iS,1CzuYdi2mZ6X0nDLlXIyPE,I Kissed A Girl,https://open.spotify.com/track/1CzuYdi2mZ6X0nDLlXIyPE,,"2Hounds, PET3RPUNX, TECHNO KING, Milan Gavris",106.0
25,5owFYKDZnehRxuuOLk36iS,2QWrzrfXINw4eVIgI2td8A,HUNGRY EYES - TECHNO,https://open.spotify.com/track/2QWrzrfXINw4eVIgI2td8A,,"HYPER BUNKER, VXLTAGE, Techno Giant",56.0
26,5owFYKDZnehRxuuOLk36iS,2NJW7mKfDnXPKm4u20MF8n,Abracadabra - Techno,https://open.spotify.com/track/2NJW7mKfDnXPKm4u20MF8n,,"Phantom X, Techno Giant",49.0
27,5owFYKDZnehRxuuOLk36iS,36I6Lk7cH8Gbp8wjQ9DM8t,right here - Techno,https://open.spotify.com/track/36I6Lk7cH8Gbp8wjQ9DM8t,,"VXLTAGE, Phantom X, TEKTOSHI",42.0
28,5owFYKDZnehRxuuOLk36iS,3g3kOgJyakUFt8FClE2EbQ,Sound of da Police (with DES3ETT),https://open.spotify.com/track/3g3kOgJyakUFt8FClE2EbQ,,"Timmy Trumpet, Marnik, Ely Oaks, DES3ETT",138.0
29,5owFYKDZnehRxuuOLk36iS,4L929duoKRJdmS5yYBws2Y,IT'S A HEARTACHE - TECHNO,https://open.spotify.com/track/4L929duoKRJdmS5yYBws2Y,,"HYPER BUNKER, AY LYEN",45.0
30,5owFYKDZnehRxuuOLk36iS,6QNn7ALHwWveEyjiAn7VvR,The Sound Of Silence (Techno),https://open.spotify.com/track/6QNn7ALHwWveEyjiAn7VvR,,"VXLTAGE, HYPER BUNKER, Techno Giant",55.0
31,5owFYKDZnehRxuuOLk36iS,5Ad2sov6HipMnZjUQhKWKK,Shake That - Techno,https://open.spotify.com/track/5Ad2sov6HipMnZjUQhKWKK,,"VXLTAGE, Techno Giant",46.0
32,5owFYKDZnehRxuuOLk36iS,0JZ1ABjN8q7TNwMP39NjvU,Not Fair,https://open.spotify.com/track/0JZ1ABjN8q7TNwMP39NjvU,,"Niklas Dee, Old Jim, Enny-Mae",402.0
33,5owFYKDZnehRxuuOLk36iS,3dTVEk4CfDhFiCEGrD5CXy,The Giver - Techno,https://open.spotify.com/track/3dTVEk4CfDhFiCEGrD5CXy,,"FUTURAMI, HYPER BUNKER",41.0
34,5owFYKDZnehRxuuOLk36iS,2FDApcbxsuZlIIc2upgF8Y,SOMEDAYS - TECHNO,https://open.spotify.com/track/2FDApcbxsuZlIIc2upgF8Y,,"Techno Giant, AY LYEN, TEKTOSHI",47.0
35,5owFYKDZnehRxuuOLk36iS,4Hxdx20SNOmkk3uixqEzmD,Prayer in C - Techno,https://open.spotify.com/track/4Hxdx20SNOmkk3uixqEzmD,,"XEKNO!, AY LYEN, Phantom X",47.0
36,5owFYKDZnehRxuuOLk36iS,6Gm4p3O6RqNXmIq3u4uyLD,When Love Takes Over,https://open.spotify.com/track/6Gm4p3O6RqNXmIq3u4uyLD,,NO EMOTION,182.0
37,5owFYKDZnehRxuuOLk36iS,2ZSBpENO2vX94J3ucE49Yn,Pimmie's Dilemma - Techno,https://open.spotify.com/track/2ZSBpENO2vX94J3ucE49Yn,,"XEKNO!, TEKTOSHI",35.0
38,5owFYKDZnehRxuuOLk36iS,2Fz0riAr2gM8bIdr6pklij,WONDERWALL - TECHNO,https://open.spotify.com/track/2Fz0riAr2gM8bIdr6pklij,,"PSYKADELIK, Phantom X, HYPER BUNKER",51.0
39,5owFYKDZnehRxuuOLk36iS,6EFQdcatni9lTyq78W8xDb,Anxiety - Techno,https://open.spotify.com/track/6EFQdcatni9lTyq78W8xDb,,"PSYKADELIK, Phantom X",48.0
40,5owFYKDZnehRxuuOLk36iS,0zJWxs9N1pkwF1eKOepZFq,It's My Life - Techno Remix,https://open.spotify.com/track/0zJWxs9N1pkwF1eKOepZFq,,"Nic Johnston, Jawny Sparklez",143.0
41,5owFYKDZnehRxuuOLk36iS,2lwBXGqZWYetTDg2iR8SAx,NOW WE ARE FREE - TECHNO,https://open.spotify.com/track/2lwBXGqZWYetTDg2iR8SAx,,FUTURAMI,52.0
42,5owFYKDZnehRxuuOLk36iS,4mA5YsYaXYF8FxorXpf6sX,MAMBO ITALIANO - TECHNO,https://open.spotify.com/track/4mA5YsYaXYF8FxorXpf6sX,,"NEON NOVA, Phantom X, VXLTAGE",47.0
43,5owFYKDZnehRxuuOLk36iS,7FvDox1YtypCtq5pWpyCYd,I Wanna Go - Techno,https://open.spotify.com/track/7FvDox1YtypCtq5pWpyCYd,,NEON NOVA,47.0
44,5owFYKDZnehRxuuOLk36iS,6MYPWVig4HI3mZj6PfzlVp,TELEPHONE,https://open.spotify.com/track/6MYPWVig4HI3mZj6PfzlVp,,Jesse Bloch,102.0
45,5owFYKDZnehRxuuOLk36iS,5zxWNEeQhqvLiNnIdqHb2N,KEIN BENZ - TECHNO,https://open.spotify.com/track/5zxWNEeQhqvLiNnIdqHb2N,,"PSYKADELIK, XEKNO!",63.0
46,5owFYKDZnehRxuuOLk36iS,3g2WjFZo4HgdUzJgy06Kzs,GIMME HOPE JO'ANNA - TECHNO,https://open.spotify.com/track/3g2WjFZo4HgdUzJgy06Kzs,,"HYPER BUNKER, TEKTOSHI, Techno Giant",53.0
47,5owFYKDZnehRxuuOLk36iS,4M7IZivhPpCBtvGuy4dkBA,My Tears Are Becoming A Sea - Techno,https://open.spotify.com/track/4M7IZivhPpCBtvGuy4dkBA,,"AY LYEN, Techno Giant, XEKNO!",41.0
48,5owFYKDZnehRxuuOLk36iS,4d8rAz6gWPJ5Vq516k2kac,Bla Bla Bla,https://open.spotify.com/track/4d8rAz6gWPJ5Vq516k2kac,,ILYAA,254.0
49,5owFYKDZnehRxuuOLk36iS,3U9Qxku2QC1fySOPIMMQtM,Pink Pony Club - Techno,https://open.spotify.com/track/3U9Qxku2QC1fySOPIMMQtM,,"HYPER BUNKER, Phantom X, FUTURAMI",47.0
50,5owFYKDZnehRxuuOLk36iS,567xx5eHZesqsBUBvHQ26f,Never Forget You - Techno,https://open.spotify.com/track/567xx5eHZesqsBUBvHQ26f,,"NEON NOVA, PSYKADELIK",40.0
51,5owFYKDZnehRxuuOLk36iS,2y2dyi5U7oMX0UWxoqEwMt,THE BAD TOUCH - TECHNO,https://open.spotify.com/track/2y2dyi5U7oMX0UWxoqEwMt,,"FUTURAMI, XEKNO!",47.0
52,5owFYKDZnehRxuuOLk36iS,62xqG5Ft00lLHmZYKEZylO,Let's Get Loud,https://open.spotify.com/track/62xqG5Ft00lLHmZYKEZylO,,Techno Mike,165.0
53,5owFYKDZnehRxuuOLk36iS,6NjtfZF1KJ7SgjwhuErkry,CLUB BIZARRE - TECHNO,https://open.spotify.com/track/6NjtfZF1KJ7SgjwhuErkry,,"NEON NOVA, AY LYEN, PSYKADELIK",49.0
54,5owFYKDZnehRxuuOLk36iS,7uNt0xmPH9okt2KS1IUCwY,28 - Techno,https://open.spotify.com/track/7uNt0xmPH9okt2KS1IUCwY,,"VXLTAGE, PSYKADELIK, Phantom X",39.0
55,5owFYKDZnehRxuuOLk36iS,3Wjca18MljtMKbUwWbtgHO,UNENDLICHKEIT - TECHNO,https://open.spotify.com/track/3Wjca18MljtMKbUwWbtgHO,,"NEON NOVA, TEKTOSHI, AY LYEN",46.0
56,5owFYKDZnehRxuuOLk36iS,4r6GzBviqHqYmyIYMs2wxU,Fly Away,https://open.spotify.com/track/4r6GzBviqHqYmyIYMs2wxU,,"Braaheim, ILYAA, HYPER BOYZ",139.0
57,5owFYKDZnehRxuuOLk36iS,7yYUT9MgumHxKYtxfa1hzp,beamer boy - Techno,https://open.spotify.com/track/7yYUT9MgumHxKYtxfa1hzp,,"HYPER BUNKER, VXLTAGE",45.0
58,5owFYKDZnehRxuuOLk36iS,4wnXw1FAWfJwuhw2x9wog9,Nice To Meet You - Techno,https://open.spotify.com/track/4wnXw1FAWfJwuhw2x9wog9,,PSYKADELIK,47.0
59,5owFYKDZnehRxuuOLk36iS,7nsT8SW1srS9fFiclQ3l1i,HIDE AWAY - TECHNO,https://open.spotify.com/track/7nsT8SW1srS9fFiclQ3l1i,,"HYPER BUNKER, Phantom X, AY LYEN",43.0
60,5owFYKDZnehRxuuOLk36iS,5SzPoxOGAl1mGWsT36KLcC,Sweat,https://open.spotify.com/track/5SzPoxOGAl1mGWsT36KLcC,,DJSM,232.0
61,5owFYKDZnehRxuuOLk36iS,1CHg5PBFsIlGZZqLLTJ3Xj,Here In Your Arms - Techno,https://open.spotify.com/track/1CHg5PBFsIlGZZqLLTJ3Xj,,Phantom X,44.0
62,5owFYKDZnehRxuuOLk36iS,3KAYSD2aOs5R8ogSIQj6Qj,BRING ME TO LIFE - TECHNO,https://open.spotify.com/track/3KAYSD2aOs5R8ogSIQj6Qj,,"PSYKADELIK, Phantom X, Techno Giant",54.0
63,5owFYKDZnehRxuuOLk36iS,20IdTyqdgUGYvL8ZK0qyjY,ALTES FIEBER - HYPERTECHNO,https://open.spotify.com/track/20IdTyqdgUGYvL8ZK0qyjY,,NEON NOVA,85.0
64,5owFYKDZnehRxuuOLk36iS,6S4iMLl3gIX3ePEQUmFpJt,Elastic Heart - Techno Version,https://open.spotify.com/track/6S4iMLl3gIX3ePEQUmFpJt,,"Tektony, Teddy Bnzo",79.0
65,5owFYKDZnehRxuuOLk36iS,34B4ceZzh1iKnFy5xRKAp0,Team - Techno,https://open.spotify.com/track/34B4ceZzh1iKnFy5xRKAp0,,"FUTURAMI, HYPER BUNKER",40.0
66,5owFYKDZnehRxuuOLk36iS,4ZjCU7K3WNVBYDfFnjdOe2,LIEB MICH - TECHNO,https://open.spotify.com/track/4ZjCU7K3WNVBYDfFnjdOe2,,"NEON NOVA, TEKTOSHI",49.0
67,5owFYKDZnehRxuuOLk36iS,6NpfGxCtuucK71Fvv10qYu,TOO SWEET - TECHNO,https://open.spotify.com/track/6NpfGxCtuucK71Fvv10qYu,,"HYPER BUNKER, XEKNO!, NEON NOVA",50.0
68,5owFYKDZnehRxuuOLk36iS,0ZHaZDUAydUirse0ZBHmCb,Burn (Techno),https://open.spotify.com/track/0ZHaZDUAydUirse0ZBHmCb,,"Hyper Kenzo, Way 2 Fast",120.0
69,5owFYKDZnehRxuuOLk36iS,5FYPo9to35lFLFyGyGQ1Fc,Mr Brightside - Techno,https://open.spotify.com/track/5FYPo9to35lFLFyGyGQ1Fc,,"Techno Giant, FUTURAMI",41.0
70,5owFYKDZnehRxuuOLk36iS,3scuOwgukN958kBmnBL8r5,Mercy - Techno,https://open.spotify.com/track/3scuOwgukN958kBmnBL8r5,,"Techno Giant, NEON NOVA",46.0
71,5owFYKDZnehRxuuOLk36iS,4J0YYbZDzlXnJhOWrGt1HP,Shower - Techno,https://open.spotify.com/track/4J0YYbZDzlXnJhOWrGt1HP,,"Techno Giant, XEKNO!",58.0
72,5owFYKDZnehRxuuOLk36iS,3Me5bYXeDXqjBVgug53Ula,This Is The Life,https://open.spotify.com/track/3Me5bYXeDXqjBVgug53Ula,,"LIZOT, KYANU",609.0
73,5owFYKDZnehRxuuOLk36iS,6PVe7Y1opjsgUJMKIllv48,MEET YOU AT THE GRAVEYARD - TECHNO,https://open.spotify.com/track/6PVe7Y1opjsgUJMKIllv48,,FUTURAMI,39.0
74,5owFYKDZnehRxuuOLk36iS,0BknnZM6NH3eZ07cSctcJj,"BOOM, BOOM, BOOM, BOOM!! - TECHNO",https://open.spotify.com/track/0BknnZM6NH3eZ07cSctcJj,,"AY LYEN, HYPER BUNKER, PSYKADELIK",44.0
75,5owFYKDZnehRxuuOLk36iS,1CChuBWyiHBFgQ8EEys4q4,360 - Techno,https://open.spotify.com/track/1CChuBWyiHBFgQ8EEys4q4,,"NEON NOVA, TEKTOSHI, Techno Giant",39.0
76,5owFYKDZnehRxuuOLk36iS,46CxPdtJQZxGsU0MHKEsiV,"Whenever, Wherever",https://open.spotify.com/track/46CxPdtJQZxGsU0MHKEsiV,,D-Push,97.0
77,5owFYKDZnehRxuuOLk36iS,1Vee4dT9gsOuddYnjDCE5Y,AUSTIN - TECHNO,https://open.spotify.com/track/1Vee4dT9gsOuddYnjDCE5Y,,"NEON NOVA, Techno Giant, PSYKADELIK",49.0
78,5owFYKDZnehRxuuOLk36iS,5BPjZ4Pz5qrJpEuqmvWyKf,LET IT GO - TECHNO,https://open.spotify.com/track/5BPjZ4Pz5qrJpEuqmvWyKf,,"Techno Giant, PSYKADELIK, TEKTOSHI",46.0
79,5owFYKDZnehRxuuOLk36iS,62O9CX3OK0YNe9jAtbzXSz,"I Love You, I'm Sorry - Techno",https://open.spotify.com/track/62O9CX3OK0YNe9jAtbzXSz,,"TEKTOSHI, HYPER BUNKER, FUTURAMI",41.0
80,5owFYKDZnehRxuuOLk36iS,0bRygxau6wABXiIJTJDMaI,All The Things She Said (Techno),https://open.spotify.com/track/0bRygxau6wABXiIJTJDMaI,,Astech,103.0
81,5owFYKDZnehRxuuOLk36iS,6CMazAWwbTxqea9Estz9us,MY HEART WILL GO ON - TECHNO,https://open.spotify.com/track/6CMazAWwbTxqea9Estz9us,,"FUTURAMI, XEKNO!",41.0
82,5owFYKDZnehRxuuOLk36iS,3SSMwVNmEsytLsfWi5oLOr,VIDEO GAMES - TECHNO,https://open.spotify.com/track/3SSMwVNmEsytLsfWi5oLOr,,"VXLTAGE, Phantom X, AY LYEN",48.0
83,5owFYKDZnehRxuuOLk36iS,4NloejuuX4rGYd4hnt0BbB,Born Again - Techno,https://open.spotify.com/track/4NloejuuX4rGYd4hnt0BbB,,"Techno Giant, XEKNO!",46.0
84,5owFYKDZnehRxuuOLk36iS,7Ee2JcW0AcXWwcHaG0tjBm,Ocho (BEAUZ & Kevu VIP) [Extended Mix],https://open.spotify.com/track/7Ee2JcW0AcXWwcHaG0tjBm,,"BEAUZ, Kevu",181.0
85,5owFYKDZnehRxuuOLk36iS,7EUXHmSWWAqFU6iejoYjxu,TURN ME ON - TECHNO,https://open.spotify.com/track/7EUXHmSWWAqFU6iejoYjxu,,"AY LYEN, VXLTAGE",48.0
86,5owFYKDZnehRxuuOLk36iS,6zPL5LOyCsEcOldNexnaOj,Paper Planes - Techno,https://open.spotify.com/track/6zPL5LOyCsEcOldNexnaOj,,"XEKNO!, Phantom X, FUTURAMI",47.0
87,5owFYKDZnehRxuuOLk36iS,54qVUiS57cBeFMU9dAe00c,Tattoo - Techno,https://open.spotify.com/track/54qVUiS57cBeFMU9dAe00c,,Phantom X,46.0
88,5owFYKDZnehRxuuOLk36iS,3358ODoeU1Ql9ntJXKzo3y,My Heart Goes Boom,https://open.spotify.com/track/3358ODoeU1Ql9ntJXKzo3y,,"KXXMA, BOVSKI, Corena",66.0
89,5owFYKDZnehRxuuOLk36iS,6fBLvm9wChqNi18Eqqpl5N,P*RNSTAR - Techno,https://open.spotify.com/track/6fBLvm9wChqNi18Eqqpl5N,,"VXLTAGE, TEKTOSHI, PSYKADELIK",39.0
90,5owFYKDZnehRxuuOLk36iS,6i00gDraENmzWzk8qljrH1,TELL ME WHY - TECHNO,https://open.spotify.com/track/6i00gDraENmzWzk8qljrH1,,"XEKNO!, TEKTOSHI, HYPER BUNKER",46.0
91,5owFYKDZnehRxuuOLk36iS,0kRYrygJYGYesQHpWe4Giv,Ride - Techno,https://open.spotify.com/track/0kRYrygJYGYesQHpWe4Giv,,"HYPER BUNKER, AY LYEN",40.0
92,5owFYKDZnehRxuuOLk36iS,49i1exiswOfRldfwqd6pzE,Sexy Chick,https://open.spotify.com/track/49i1exiswOfRldfwqd6pzE,,"SP3CTRUM, MOHA",272.0
93,5owFYKDZnehRxuuOLk36iS,74gSNzf7s2Qzv7tsUIEAUm,Took The Night - Techno,https://open.spotify.com/track/74gSNzf7s2Qzv7tsUIEAUm,,"AY LYEN, VXLTAGE",45.0
94,5owFYKDZnehRxuuOLk36iS,5AgnjoKpri0992yOdUsJNo,Alone Again - Techno,https://open.spotify.com/track/5AgnjoKpri0992yOdUsJNo,,"FUTURAMI, NEON NOVA, PSYKADELIK",43.0
95,5owFYKDZnehRxuuOLk36iS,4A8S1jCIumnfq5teHTu1uU,Call On Me - Techno,https://open.spotify.com/track/4A8S1jCIumnfq5teHTu1uU,,FUTURAMI,56.0
96,5owFYKDZnehRxuuOLk36iS,2blJTLmuUxEvusDLkpvgku,Wings - Techno,https://open.spotify.com/track/2blJTLmuUxEvusDLkpvgku,,NO EMOTION,53.0
97,5owFYKDZnehRxuuOLk36iS,0Hq6d8Qe8EH9U5lHv0G7X6,DER LETZTE TANZ - TECHNO,https://open.spotify.com/track/0Hq6d8Qe8EH9U5lHv0G7X6,,"Techno Giant, AY LYEN, PSYKADELIK",54.0
98,5owFYKDZnehRxuuOLk36iS,6KBpuc4x7lYn0HSoPjGGSU,Panic Room - Techno,https://open.spotify.com/track/6KBpuc4x7lYn0HSoPjGGSU,,"HYPER BUNKER, FUTURAMI",46.0
99,5owFYKDZnehRxuuOLk36iS,2Vxo705WXlnlOWazEZyvnA,Scared To Start - Techno,https://open.spotify.com/track/2Vxo705WXlnlOWazEZyvnA,,"NEON NOVA, AY LYEN, VXLTAGE",29.0
100,0VeAJO8Upy6jgBkE0hkOsZ,1dXz1boMWgpeiNcTK3jRtU,Deine Schuld,https://open.spotify.com/track/1dXz1boMWgpeiNcTK3jRtU,,AYLIVA,91.0
101,0VeAJO8Upy6jgBkE0hkOsZ,4Wuu6qS3D0Veevv2ZtbbrD,Wenn ich wein,https://open.spotify.com/track/4Wuu6qS3D0Veevv2ZtbbrD,,AYLIVA,54.0
102,0VeAJO8Upy6jgBkE0hkOsZ,0rUpmoJPOzpphOMmpA7ziW,When I Cry (feat. Ali Gatie),https://open.spotify.com/track/0rUpmoJPOzpphOMmpA7ziW,,"AYLIVA, Ali Gatie",29.0
103,0VeAJO8Upy6jgBkE0hkOsZ,2rr3hfa3iP8yHt2x18Npe2,Immer kalt,https://open.spotify.com/track/2rr3hfa3iP8yHt2x18Npe2,,AYLIVA,40.0
104,0VeAJO8Upy6jgBkE0hkOsZ,5MUS9tGxfXLphZRAcyyWnC,Während du,https://open.spotify.com/track/5MUS9tGxfXLphZRAcyyWnC,,AYLIVA,64.0
105,0VeAJO8Upy6jgBkE0hkOsZ,6xIhI4a3oTB6FKkIYQWBTs,Schmetterlinge,https://open.spotify.com/track/6xIhI4a3oTB6FKkIYQWBTs,,AYLIVA,42.0
106,0VeAJO8Upy6jgBkE0hkOsZ,5DqvoUR0STVl6qmXGTpYtK,Bleib,https://open.spotify.com/track/5DqvoUR0STVl6qmXGTpYtK,,"AYLIVA, Milano",34.0
107,0VeAJO8Upy6jgBkE0hkOsZ,53vyWY4myvD6qPh1z54Itx,Bei Nacht,https://open.spotify.com/track/53vyWY4myvD6qPh1z54Itx,,AYLIVA,40.0
108,0VeAJO8Upy6jgBkE0hkOsZ,1WTWjnCrjwzktuY2UFGUx1,1000 Sterne,https://open.spotify.com/track/1WTWjnCrjwzktuY2UFGUx1,,"1986zig, AYLIVA",27.0
109,0VeAJO8Upy6jgBkE0hkOsZ,1s968vbStkzOXKDIejXeXg,Was Besseres,https://open.spotify.com/track/1s968vbStkzOXKDIejXeXg,,"AYLIVA, Mudi",43.0
110,0VeAJO8Upy6jgBkE0hkOsZ,2nsxno7eC98qlcw3RyVTvF,Sterben,https://open.spotify.com/track/2nsxno7eC98qlcw3RyVTvF,,AYLIVA,30.0
111,0VeAJO8Upy6jgBkE0hkOsZ,3ahWkIbu2Tl56O75Z4HvXP,Was du nicht weisst,https://open.spotify.com/track/3ahWkIbu2Tl56O75Z4HvXP,,AYLIVA,43.0
112,0VeAJO8Upy6jgBkE0hkOsZ,04C356Ob8t7AGIWvmEqUU6,Ich will nicht heim,https://open.spotify.com/track/04C356Ob8t7AGIWvmEqUU6,,AYLIVA,72.0
113,0VeAJO8Upy6jgBkE0hkOsZ,1y7xLroWchmFgWrFvM2vrc,Heim,https://open.spotify.com/track/1y7xLroWchmFgWrFvM2vrc,,AYLIVA,32.0
114,0VeAJO8Upy6jgBkE0hkOsZ,2J80Q1QHd9eVgYFiOIx86H,Marie,https://open.spotify.com/track/2J80Q1QHd9eVgYFiOIx86H,,AYLIVA,17.0
115,0VeAJO8Upy6jgBkE0hkOsZ,6WSvdRttsI7IqAoH4Dm2YH,Erzähl ihnen alles,https://open.spotify.com/track/6WSvdRttsI7IqAoH4Dm2YH,,AYLIVA,30.0
116,0VeAJO8Upy6jgBkE0hkOsZ,41x0eQ9FsOeUNyoqjLJtAX,Gott sei Dank,https://open.spotify.com/track/41x0eQ9FsOeUNyoqjLJtAX,,AYLIVA,54.0
117,0VeAJO8Upy6jgBkE0hkOsZ,2BV7ZQGL7zKrYXtsWH0180,Butterflies,https://open.spotify.com/track/2BV7ZQGL7zKrYXtsWH0180,,AYLIVA,20.0
118,0VeAJO8Upy6jgBkE0hkOsZ,7DyDjhZMEIK5Ied4juTCyc,Sie weiß (feat. Mero),https://open.spotify.com/track/7DyDjhZMEIK5Ied4juTCyc,,"AYLIVA, MERO",107.0
119,0VeAJO8Upy6jgBkE0hkOsZ,6WnIsfCuNqrlngROXGVe1W,Was mir gefällt,https://open.spotify.com/track/6WnIsfCuNqrlngROXGVe1W,,AYLIVA,44.0
120,0VeAJO8Upy6jgBkE0hkOsZ,4ORixxN5kLrSgSwwuttB4t,In deinen Armen,https://open.spotify.com/track/4ORixxN5kLrSgSwwuttB4t,,AYLIVA,69.0
121,0VeAJO8Upy6jgBkE0hkOsZ,3DvPDYdU1EjLooP8EYFoV2,Aber sie,https://open.spotify.com/track/3DvPDYdU1EjLooP8EYFoV2,,AYLIVA,55.0
122,0VeAJO8Upy6jgBkE0hkOsZ,5OXgrcI2K6erTLMTlEJ23H,Weißes Haus,https://open.spotify.com/track/5OXgrcI2K6erTLMTlEJ23H,,AYLIVA,83.0
123,0VeAJO8Upy6jgBkE0hkOsZ,03sMRSyMuWDJRPBjC7IvjN,Mein Kopf ist leer,https://open.spotify.com/track/03sMRSyMuWDJRPBjC7IvjN,,AYLIVA,26.0
124,0VeAJO8Upy6jgBkE0hkOsZ,52Y1KkbSO4LI9MTCvZhP9Y,Scheine zählen,https://open.spotify.com/track/52Y1KkbSO4LI9MTCvZhP9Y,,AYLIVA,82.0
125,0VeAJO8Upy6jgBkE0hkOsZ,7G2SsN4ZGxnye6WL8342gp,Schwer zu lieben,https://open.spotify.com/track/7G2SsN4ZGxnye6WL8342gp,,AYLIVA,51.0
126,0VeAJO8Upy6jgBkE0hkOsZ,1VxlVMCopT232hOcBVybyj,Lass mich gehen,https://open.spotify.com/track/1VxlVMCopT232hOcBVybyj,,AYLIVA,96.0
127,0VeAJO8Upy6jgBkE0hkOsZ,6UjSMW9LNAfLnzMKBvIHNh,Kal Yanimda,https://open.spotify.com/track/6UjSMW9LNAfLnzMKBvIHNh,,AYLIVA,35.0
128,0VeAJO8Upy6jgBkE0hkOsZ,77mILV6S1Tn90DC03KEcjP,Mir geht's gut :):,https://open.spotify.com/track/77mILV6S1Tn90DC03KEcjP,,AYLIVA,42.0
129,0VeAJO8Upy6jgBkE0hkOsZ,3yaToJcFIJVf7vtl60YfBP,Bei mir,https://open.spotify.com/track/3yaToJcFIJVf7vtl60YfBP,,AYLIVA,21.0
130,0VeAJO8Upy6jgBkE0hkOsZ,3FPmlTSkYYHzXBLaxgY3lh,Überlebt (Skit),https://open.spotify.com/track/3FPmlTSkYYHzXBLaxgY3lh,,AYLIVA,42.0
131,0VeAJO8Upy6jgBkE0hkOsZ,6SkwBTCjdNFmE6w47fg5KH,Ella,https://open.spotify.com/track/6SkwBTCjdNFmE6w47fg5KH,,AYLIVA,42.0
132,0VeAJO8Upy6jgBkE0hkOsZ,1c3zxNy3YcJoCvDSfMfE2E,Hold Up,https://open.spotify.com/track/1c3zxNy3YcJoCvDSfMfE2E,,AYLIVA,20.0
133,0VeAJO8Upy6jgBkE0hkOsZ,54e7wXM3LsuT8lro5oizjc,Burlesque,https://open.spotify.com/track/54e7wXM3LsuT8lro5oizjc,,AYLIVA,24.0
134,0VeAJO8Upy6jgBkE0hkOsZ,0tjW5WHtmhxPFH1cSTaMoX,Pills Pills Pills,https://open.spotify.com/track/0tjW5WHtmhxPFH1cSTaMoX,,AYLIVA,23.0
135,0VeAJO8Upy6jgBkE0hkOsZ,3an1JVi8OsE0aG6dMS4Pes,Hässlich,https://open.spotify.com/track/3an1JVi8OsE0aG6dMS4Pes,,AYLIVA,194.0
136,0VeAJO8Upy6jgBkE0hkOsZ,7pxyUIf4168eTcdry0kFue,Schwarzes Herz,https://open.spotify.com/track/7pxyUIf4168eTcdry0kFue,,AYLIVA,42.0
137,0VeAJO8Upy6jgBkE0hkOsZ,5ch9m39I5MleWuwceDgCxz,Bullet (feat. AYLIVA),https://open.spotify.com/track/5ch9m39I5MleWuwceDgCxz,,"MERO, AYLIVA",32.0
138,0VeAJO8Upy6jgBkE0hkOsZ,4C9bsG159VjOQe0g1RgMi9,Lieb mich,https://open.spotify.com/track/4C9bsG159VjOQe0g1RgMi9,,AYLIVA,64.0
139,0VeAJO8Upy6jgBkE0hkOsZ,16f4ZN6XOfrIO8fJkm28HM,Wunder,https://open.spotify.com/track/16f4ZN6XOfrIO8fJkm28HM,,"AYLIVA, Apache 207",239.0
140,0VeAJO8Upy6jgBkE0hkOsZ,5sxiqHHGSVjmeg5SrLZcKA,Beifahrer,https://open.spotify.com/track/5sxiqHHGSVjmeg5SrLZcKA,,AYLIVA,73.0
141,0VeAJO8Upy6jgBkE0hkOsZ,2wvUmObLQbxClXFsuhw8Ns,Nein!,https://open.spotify.com/track/2wvUmObLQbxClXFsuhw8Ns,,AYLIVA,62.0
142,0VeAJO8Upy6jgBkE0hkOsZ,4zkuahsFYgJyMBNGOszLiX,Wind,https://open.spotify.com/track/4zkuahsFYgJyMBNGOszLiX,,AYLIVA,25.0
143,0VeAJO8Upy6jgBkE0hkOsZ,1gGinE4DNA7TVPvyIl8xPp,Traum,https://open.spotify.com/track/1gGinE4DNA7TVPvyIl8xPp,,AYLIVA,44.0
144,0VeAJO8Upy6jgBkE0hkOsZ,1ZVp3jxaSfx1eket9duUkZ,Zwei Wochen,https://open.spotify.com/track/1ZVp3jxaSfx1eket9duUkZ,,AYLIVA,27.0
145,0VeAJO8Upy6jgBkE0hkOsZ,0xs37GXlmEfi228NrGAHN7,Ben & Jerry's,https://open.spotify.com/track/0xs37GXlmEfi228NrGAHN7,,AYLIVA,28.0
146,0VeAJO8Upy6jgBkE0hkOsZ,6cSfO7AiNbM9J1TNiYkWa3,Nie deins,https://open.spotify.com/track/6cSfO7AiNbM9J1TNiYkWa3,,AYLIVA,53.0
147,0VeAJO8Upy6jgBkE0hkOsZ,7KCWmkELScYBSGqahvJqfu,Hältst du mit?,https://open.spotify.com/track/7KCWmkELScYBSGqahvJqfu,,AYLIVA,27.0
148,0VeAJO8Upy6jgBkE0hkOsZ,3ovTEUMYEoiT8ikEMVXBmS,Lilien,https://open.spotify.com/track/3ovTEUMYEoiT8ikEMVXBmS,,AYLIVA,59.0
149,0VeAJO8Upy6jgBkE0hkOsZ,5Gz0b1UrrpG3CIruzRjXJZ,Mein Freak,https://open.spotify.com/track/5Gz0b1UrrpG3CIruzRjXJZ,,AYLIVA,17.0
150,0VeAJO8Upy6jgBkE0hkOsZ,79SiggfnaQDt4He5RQ79S4,Mörder,https://open.spotify.com/track/79SiggfnaQDt4He5RQ79S4,,AYLIVA,26.0
151,0VeAJO8Upy6jgBkE0hkOsZ,7otVNCJ0Ms7gbZrHaXSnKz,Ersticken,https://open.spotify.com/track/7otVNCJ0Ms7gbZrHaXSnKz,,AYLIVA,22.0
152,0VeAJO8Upy6jgBkE0hkOsZ,6ncBvHYnqA6spN5fttZdM6,Immer fehlst du,https://open.spotify.com/track/6ncBvHYnqA6spN5fttZdM6,,AYLIVA,37.0
153,0VeAJO8Upy6jgBkE0hkOsZ,36w8f4Cl7JqTbFDamAdq8Q,Wie?,https://open.spotify.com/track/36w8f4Cl7JqTbFDamAdq8Q,,AYLIVA,265.0
154,25Y75ozl2aI0NylFToefO5,7od7AQDGyj8mM44djQpBGW,Runaway,https://open.spotify.com/track/7od7AQDGyj8mM44djQpBGW,,"Mack H.D, Bolu Ajibade",27.0
155,25Y75ozl2aI0NylFToefO5,5aIVCx5tnk0ntmdiinnYvw,Water,https://open.spotify.com/track/5aIVCx5tnk0ntmdiinnYvw,,Tyla,908.0
156,25Y75ozl2aI0NylFToefO5,3baPniPXS0iEII8rDUJdYP,Monalisa,https://open.spotify.com/track/3baPniPXS0iEII8rDUJdYP,,"Lojay, Sarz, Chris Brown",164.0
157,25Y75ozl2aI0NylFToefO5,1xs8bOvm3IzEYmcLJVOc34,Rush,https://open.spotify.com/track/1xs8bOvm3IzEYmcLJVOc34,,Ayra Starr,131.0
158,25Y75ozl2aI0NylFToefO5,5Dz7hEiizJdHkUEPfnoBji,MESMERIZED,https://open.spotify.com/track/5Dz7hEiizJdHkUEPfnoBji,,"Mack H.D, UGENE NGHT",57.0
159,25Y75ozl2aI0NylFToefO5,5YbPxJwPfrj7uswNwoF1pJ,Last Last,https://open.spotify.com/track/5YbPxJwPfrj7uswNwoF1pJ,,Burna Boy,162.0
160,25Y75ozl2aI0NylFToefO5,25Kyv5SeEenT0EETpP2hYn,"Soweto (with Don Toliver, Rema & Tempoe)",https://open.spotify.com/track/25Kyv5SeEenT0EETpP2hYn,,"Victony, Rema, Tempoe, Don Toliver",164.0
161,25Y75ozl2aI0NylFToefO5,4vb777iaycnlFxVkJMmtfd,Peru,https://open.spotify.com/track/4vb777iaycnlFxVkJMmtfd,,"Fireboy DML, Ed Sheeran",55.0
162,25Y75ozl2aI0NylFToefO5,6zC0u6gtE8yEEpwDe2boK8,International Lovin,https://open.spotify.com/track/6zC0u6gtE8yEEpwDe2boK8,,"Mack H.D, Princess Wonda",18.0
163,25Y75ozl2aI0NylFToefO5,1wADwLSkYhrSmy4vdy6BRn,soso,https://open.spotify.com/track/1wADwLSkYhrSmy4vdy6BRn,,Omah Lay,218.0
164,25Y75ozl2aI0NylFToefO5,20pQ2kEbJnMO8nQx0oFfyg,PRITI PRITI,https://open.spotify.com/track/20pQ2kEbJnMO8nQx0oFfyg,,"Mack H.D, Kobi Jonz",17.0
165,25Y75ozl2aI0NylFToefO5,6XM53PbvlzhuNtJZtpl7RP,In My Bed,https://open.spotify.com/track/6XM53PbvlzhuNtJZtpl7RP,,"Rotimi, Wale",110.0
166,25Y75ozl2aI0NylFToefO5,0ve0CavjqrUqVmZ605RhTV,Jump,https://open.spotify.com/track/0ve0CavjqrUqVmZ605RhTV,,"Tyla, Gunna, Skillibeng",97.0
167,25Y75ozl2aI0NylFToefO5,44G2gUVQvNNZ6w3i05tR4n,Sensational (feat. Davido & Lojay),https://open.spotify.com/track/44G2gUVQvNNZ6w3i05tR4n,,"Chris Brown, Davido, Lojay",74.0
168,25Y75ozl2aI0NylFToefO5,29PXxvSTsUGIhd8782WUhx,SAFE,https://open.spotify.com/track/29PXxvSTsUGIhd8782WUhx,,"PapaRaZzle, Mack H.D, Keziah",16.0
169,25Y75ozl2aI0NylFToefO5,2tZdH1Ikx2dao357DOCAdV,KPA,https://open.spotify.com/track/2tZdH1Ikx2dao357DOCAdV,,VASA,17.0
170,25Y75ozl2aI0NylFToefO5,1s7oOCT8vauUh01PbJD6ps,Calm Down (with Selena Gomez),https://open.spotify.com/track/1s7oOCT8vauUh01PbJD6ps,,"Rema, Selena Gomez",225.0
171,25Y75ozl2aI0NylFToefO5,4aD5a55jZxiNmUjxSztekD,CUT YOU OFF,https://open.spotify.com/track/4aD5a55jZxiNmUjxSztekD,,"PapaRaZzle, Mack H.D",17.0
172,25Y75ozl2aI0NylFToefO5,6yhzPtNCMPl1tMdvUi3frw,Stallin',https://open.spotify.com/track/6yhzPtNCMPl1tMdvUi3frw,,"Mack H.D, Oga Silachi, Mmzy",20.0
173,25Y75ozl2aI0NylFToefO5,61Fgo7az4lKB2sVPxhoCCO,PON MY MIND,https://open.spotify.com/track/61Fgo7az4lKB2sVPxhoCCO,,Bolu Ajibade,20.0
174,25Y75ozl2aI0NylFToefO5,1whAXVGN8AdfrnoXNIXfJf,Truth or Dare,https://open.spotify.com/track/1whAXVGN8AdfrnoXNIXfJf,,Tyla,132.0
175,25Y75ozl2aI0NylFToefO5,7wepqmAk99KNtpfxrX3CBT,Mi Casa,https://open.spotify.com/track/7wepqmAk99KNtpfxrX3CBT,,Anuolu,17.0
176,25Y75ozl2aI0NylFToefO5,2Xr1dTzJee307rmrkt8c0g,love nwantiti (ah ah ah),https://open.spotify.com/track/2Xr1dTzJee307rmrkt8c0g,,CKay,396.0
177,25Y75ozl2aI0NylFToefO5,13VXuHw3O8Yt7VwRIDqSo4,MMS,https://open.spotify.com/track/13VXuHw3O8Yt7VwRIDqSo4,,"Asake, Wizkid",117.0
178,25Y75ozl2aI0NylFToefO5,26b3oVLrRUaaybJulow9kz,People,https://open.spotify.com/track/26b3oVLrRUaaybJulow9kz,,Libianca,282.0
179,25Y75ozl2aI0NylFToefO5,0FSEqwIBzMOI6R5n8E6Cxx,Maradona,https://open.spotify.com/track/0FSEqwIBzMOI6R5n8E6Cxx,,Agatchu,21.0
180,25Y75ozl2aI0NylFToefO5,1hPrUdO775t6JkI56Cr8Us,SHE BE,https://open.spotify.com/track/1hPrUdO775t6JkI56Cr8Us,,"Mack H.D, CHUMA",18.0
181,25Y75ozl2aI0NylFToefO5,2WigMwGJysIh9fRnSJvpjn,KU LO SA - A COLORS SHOW,https://open.spotify.com/track/2WigMwGJysIh9fRnSJvpjn,,Oxlade,178.0
182,25Y75ozl2aI0NylFToefO5,6nvkYK7MV1uhjmzcM16Ech,Isolated,https://open.spotify.com/track/6nvkYK7MV1uhjmzcM16Ech,,"Mack H.D, Oga Silachi",18.0
183,25Y75ozl2aI0NylFToefO5,4s6x56uNiNCAA87yzqTz5G,Sip (Alcohol),https://open.spotify.com/track/4s6x56uNiNCAA87yzqTz5G,,Joeboy,45.0
184,25Y75ozl2aI0NylFToefO5,4h5v5pDvP217NKUTOeYXEA,Kannot Compare,https://open.spotify.com/track/4h5v5pDvP217NKUTOeYXEA,,"Florito, Neyna, Sandro Beatz",15.0
185,25Y75ozl2aI0NylFToefO5,1wjq1c1yvC90C6MltEXxbR,Space For You,https://open.spotify.com/track/1wjq1c1yvC90C6MltEXxbR,,Kobi Jonz,16.0
186,25Y75ozl2aI0NylFToefO5,6NOrpcicPUh2eaj8bAD44u,Baby (Is it a Crime),https://open.spotify.com/track/6NOrpcicPUh2eaj8bAD44u,,Rema,160.0
187,25Y75ozl2aI0NylFToefO5,4TVmM3vQLGEavTY1DJapYT,Comment Faire,https://open.spotify.com/track/4TVmM3vQLGEavTY1DJapYT,,"Mack H.D, Night Myl",18.0
188,25Y75ozl2aI0NylFToefO5,7d918PzAZdGEIlaENCH9SE,Conversations,https://open.spotify.com/track/7d918PzAZdGEIlaENCH9SE,,Garvicii,24.0
189,25Y75ozl2aI0NylFToefO5,4GXW3Ne1jzdORKHvHjK31V,Commas,https://open.spotify.com/track/4GXW3Ne1jzdORKHvHjK31V,,Ayra Starr,83.0
190,25Y75ozl2aI0NylFToefO5,2com2d42sFO1QdV6k7XAAu,No Yawa,https://open.spotify.com/track/2com2d42sFO1QdV6k7XAAu,,Princess Wonda,71.0
191,25Y75ozl2aI0NylFToefO5,2GZNKi3rgaT1ZKpkKDkA0Y,Bend,https://open.spotify.com/track/2GZNKi3rgaT1ZKpkKDkA0Y,,Wizkid,45.0
192,25Y75ozl2aI0NylFToefO5,3gWHT3lSvOrdhBXEzuyhRX,Survive,https://open.spotify.com/track/3gWHT3lSvOrdhBXEzuyhRX,,Tmaro,15.0
193,25Y75ozl2aI0NylFToefO5,2YNLzBRGyCAzHEGPO3J2Sb,Moving,https://open.spotify.com/track/2YNLzBRGyCAzHEGPO3J2Sb,,Omah Lay,90.0
194,25Y75ozl2aI0NylFToefO5,0oljDKpgyXOneK8YjJnHdZ,LOVE OR LAMBA,https://open.spotify.com/track/0oljDKpgyXOneK8YjJnHdZ,,Kobi Jonz,20.0
195,25Y75ozl2aI0NylFToefO5,4RoKNqyZ9622tcAeNPNv5k,City Boys,https://open.spotify.com/track/4RoKNqyZ9622tcAeNPNv5k,,Burna Boy,125.0
196,25Y75ozl2aI0NylFToefO5,2kaH2Z8ezDUKf6fNw250rZ,UNAVAILABLE (feat. Musa Keys),https://open.spotify.com/track/2kaH2Z8ezDUKf6fNw250rZ,,"Davido, Musa Keys",136.0
197,25Y75ozl2aI0NylFToefO5,6PAUpFtsi9a28wHpCfUyGs,FEEL,https://open.spotify.com/track/6PAUpFtsi9a28wHpCfUyGs,,Bolu Ajibade,17.0
198,25Y75ozl2aI0NylFToefO5,5mhM7bfzv52bzfCzlq8vH1,Ngozi,https://open.spotify.com/track/5mhM7bfzv52bzfCzlq8vH1,,"Crayon, Ayra Starr",61.0
199,25Y75ozl2aI0NylFToefO5,0PL6nMizDHRnXNWZ3hO0c9,What You Like,https://open.spotify.com/track/0PL6nMizDHRnXNWZ3hO0c9,,"Michael Meka, DJ Boat",38.0
200,25Y75ozl2aI0NylFToefO5,2gtg4jTNUqC4akFqWZZXcV,Bundle By Bundle,https://open.spotify.com/track/2gtg4jTNUqC4akFqWZZXcV,,Burna Boy,80.0
201,25Y75ozl2aI0NylFToefO5,5eBWpQcFMFQKcZekhplcTq,Casanova,https://open.spotify.com/track/5eBWpQcFMFQKcZekhplcTq,,Savage,16.0
202,25Y75ozl2aI0NylFToefO5,5FG7Tl93LdH117jEKYl3Cm,Essence (feat. Tems),https://open.spotify.com/track/5FG7Tl93LdH117jEKYl3Cm,,"Wizkid, Tems",224.0
203,25Y75ozl2aI0NylFToefO5,1cGbXWfik6jTI5qSFdreB4,FEELINGS EVERYTIME,https://open.spotify.com/track/1cGbXWfik6jTI5qSFdreB4,,PapaRaZzle,35.0
204,25Y75ozl2aI0NylFToefO5,5c86UmBcVZJkpUttaeKsKo,DND,https://open.spotify.com/track/5c86UmBcVZJkpUttaeKsKo,,Nikos,16.0
205,25Y75ozl2aI0NylFToefO5,6VX4hVDmDMfClxp6EwDNQP,Bad Vibes (feat. Seyi Vibez),https://open.spotify.com/track/6VX4hVDmDMfClxp6EwDNQP,,"Ayra Starr, Seyi Vibez",41.0
206,25Y75ozl2aI0NylFToefO5,6JvWMLscnWYkgX1zPufIGT,Kese (Dance),https://open.spotify.com/track/6JvWMLscnWYkgX1zPufIGT,,Wizkid,64.0
207,25Y75ozl2aI0NylFToefO5,3rmqNsOiGqqvFNTmGlzl4R,Ta Ta Ta,https://open.spotify.com/track/3rmqNsOiGqqvFNTmGlzl4R,,Bayanni,70.0
208,25Y75ozl2aI0NylFToefO5,5Ig0OEh723kKB4pbN0xGGg,It's You,https://open.spotify.com/track/5Ig0OEh723kKB4pbN0xGGg,,"Aredikay, zzamar",24.0
209,25Y75ozl2aI0NylFToefO5,2psl5iNJCrmmm2XtS7LZqb,Soundgasm,https://open.spotify.com/track/2psl5iNJCrmmm2XtS7LZqb,,Rema,77.0
210,25Y75ozl2aI0NylFToefO5,3nT2nrfb3FMLg03W4mPaBl,Cough (Odo),https://open.spotify.com/track/3nT2nrfb3FMLg03W4mPaBl,,Kizz Daniel,34.0
211,25Y75ozl2aI0NylFToefO5,1Cbl3Yq8rHo7hhDQmLQagU,PUSH 2 START,https://open.spotify.com/track/1Cbl3Yq8rHo7hhDQmLQagU,,Tyla,451.0
212,25Y75ozl2aI0NylFToefO5,2AKS1HhpLu2rgkojECUm3V,Playboy,https://open.spotify.com/track/2AKS1HhpLu2rgkojECUm3V,,Fireboy DML,48.0
213,25Y75ozl2aI0NylFToefO5,5JDEPeUrUKe8xmmVVffMnD,Paper Chase,https://open.spotify.com/track/5JDEPeUrUKe8xmmVVffMnD,,TerryTheVoice,16.0
214,25Y75ozl2aI0NylFToefO5,2nYeyMeqYDiFSYYtl2BWD6,Piece of My Heart (feat. Brent Faiyaz),https://open.spotify.com/track/2nYeyMeqYDiFSYYtl2BWD6,,"Wizkid, Brent Faiyaz",69.0
215,25Y75ozl2aI0NylFToefO5,1mk8ZC9OeTZMr8Wy31LqRj,FEEL,https://open.spotify.com/track/1mk8ZC9OeTZMr8Wy31LqRj,,Davido,66.0
216,25Y75ozl2aI0NylFToefO5,5hVjoL3sHepZROri63wBxP,It's Plenty,https://open.spotify.com/track/5hVjoL3sHepZROri63wBxP,,Burna Boy,117.0
217,25Y75ozl2aI0NylFToefO5,1iBWjQ9af9NnUd5xnQDB3k,Charm,https://open.spotify.com/track/1iBWjQ9af9NnUd5xnQDB3k,,Rema,106.0
218,25Y75ozl2aI0NylFToefO5,6z5y2kdxF4XrEVRFVqdGVL,Asiwaju,https://open.spotify.com/track/6z5y2kdxF4XrEVRFVqdGVL,,Ruger,74.0
219,25Y75ozl2aI0NylFToefO5,5c7Zx5YZKOSKtnb9ZIS2Ki,Towa,https://open.spotify.com/track/5c7Zx5YZKOSKtnb9ZIS2Ki,,Dice Ailes,34.0
220,25Y75ozl2aI0NylFToefO5,49ytLGEP5S20N3AhB5YuwJ,Party No Dey Stop (with Zinoleesky),https://open.spotify.com/track/49ytLGEP5S20N3AhB5YuwJ,,"Adekunle Gold, Zinoleesky",30.0
221,25Y75ozl2aI0NylFToefO5,2qWwuCVeMjF9mUT0S5Iqvl,Bandana,https://open.spotify.com/track/2qWwuCVeMjF9mUT0S5Iqvl,,"Fireboy DML, Asake",76.0
222,25Y75ozl2aI0NylFToefO5,1B5I5yqLpVI5EosZS6bJFs,Call Me Every Day (feat. Wizkid),https://open.spotify.com/track/1B5I5yqLpVI5EosZS6bJFs,,"Chris Brown, Wizkid",70.0
223,25Y75ozl2aI0NylFToefO5,6e0YUaVAfDxUabmybOjguy,Awuke,https://open.spotify.com/track/6e0YUaVAfDxUabmybOjguy,,"Davido, YG Marley",92.0
224,25Y75ozl2aI0NylFToefO5,0XQuWhRG7qD7OYHKsgt0BN,If,https://open.spotify.com/track/0XQuWhRG7qD7OYHKsgt0BN,,Davido,48.0
225,25Y75ozl2aI0NylFToefO5,1A1ifX8sWzelNpkL5PxcHT,Last Heartbreak Song (feat. Giveon),https://open.spotify.com/track/1A1ifX8sWzelNpkL5PxcHT,,"Ayra Starr, GIVĒON",84.0
226,25Y75ozl2aI0NylFToefO5,1zIk8RJEKGvoH4FioFnGyJ,On the Low,https://open.spotify.com/track/1zIk8RJEKGvoH4FioFnGyJ,,Burna Boy,36.0
227,25Y75ozl2aI0NylFToefO5,6oOCGD2Sp9UTcDsuDz8Hdu,understand,https://open.spotify.com/track/6oOCGD2Sp9UTcDsuDz8Hdu,,Omah Lay,69.0
228,25Y75ozl2aI0NylFToefO5,3qe7VcbqjYNvFwhP0sFItH,N'y pense plus,https://open.spotify.com/track/3qe7VcbqjYNvFwhP0sFItH,,Tayc,63.0
229,25Y75ozl2aI0NylFToefO5,4G11wDzAKuCFqApL4g3ixC,High,https://open.spotify.com/track/4G11wDzAKuCFqApL4g3ixC,,"Adekunle Gold, Davido",35.0
230,25Y75ozl2aI0NylFToefO5,0HaRLPnr887lcQM2YQzkff,For My Hand (feat. Ed Sheeran),https://open.spotify.com/track/0HaRLPnr887lcQM2YQzkff,,"Burna Boy, Ed Sheeran",107.0
231,25Y75ozl2aI0NylFToefO5,4ou5xyFUJX4VwX76tw1qb1,Fall,https://open.spotify.com/track/4ou5xyFUJX4VwX76tw1qb1,,Davido,79.0
232,25Y75ozl2aI0NylFToefO5,0bjL1i5W9N8J2CPDvQmpTK,International Lovin - Sped Up,https://open.spotify.com/track/0bjL1i5W9N8J2CPDvQmpTK,,"Mack H.D, Princess Wonda",18.0
233,25Y75ozl2aI0NylFToefO5,6yIh43XrY4Mc5xOxeagVhp,Le temps,https://open.spotify.com/track/6yIh43XrY4Mc5xOxeagVhp,,Tayc,48.0
234,25Y75ozl2aI0NylFToefO5,6QCHpnMTgQqDtCAkgE3txC,Tu es qui,https://open.spotify.com/track/6QCHpnMTgQqDtCAkgE3txC,,"Neaj, Stelair",30.0
235,25Y75ozl2aI0NylFToefO5,1Bhm5HNO1cq8olDbBmokyL,Copines,https://open.spotify.com/track/1Bhm5HNO1cq8olDbBmokyL,,Aya Nakamura,89.0
236,25Y75ozl2aI0NylFToefO5,1jloWdvMh9nwHUu3mag8CL,Mad Over You,https://open.spotify.com/track/1jloWdvMh9nwHUu3mag8CL,,Runtown,51.0
237,25Y75ozl2aI0NylFToefO5,2dJMDzMF5jMvVFKLTci81H,D O D O,https://open.spotify.com/track/2dJMDzMF5jMvVFKLTci81H,,Tayc,45.0
238,25Y75ozl2aI0NylFToefO5,0uOuO2lUiQAVsA8xxyuh4R,BABY BLUE JEANS,https://open.spotify.com/track/0uOuO2lUiQAVsA8xxyuh4R,,PapaRaZzle,29.0
239,25Y75ozl2aI0NylFToefO5,2w82JyPaIey14wPUg2E9Fe,SHE BE - Sped Up,https://open.spotify.com/track/2w82JyPaIey14wPUg2E9Fe,,"Mack H.D, CHUMA",16.0
240,25Y75ozl2aI0NylFToefO5,5ITYY1RMtleE9n1HrcfjZN,Blessed,https://open.spotify.com/track/5ITYY1RMtleE9n1HrcfjZN,,Space Afro,23.0
241,25Y75ozl2aI0NylFToefO5,2QcTf5lLMrrWTiElDInpTb,I love you,https://open.spotify.com/track/2QcTf5lLMrrWTiElDInpTb,,"Dadju, Tayc",51.0
242,25Y75ozl2aI0NylFToefO5,71D1RL1SFQzYQcWk9oBepB,Comment Faire - Sped Up,https://open.spotify.com/track/71D1RL1SFQzYQcWk9oBepB,,"Mack H.D, Night Myl",16.0
243,25Y75ozl2aI0NylFToefO5,3QO1m6i0nsrp8aOnapvbkx,Blessed (feat. Damian Marley),https://open.spotify.com/track/3QO1m6i0nsrp8aOnapvbkx,,"Wizkid, Damian Marley",44.0
244,25Y75ozl2aI0NylFToefO5,0dCOSNPQizhMMjO6UxGlzi,Drogba (Joanna),https://open.spotify.com/track/0dCOSNPQizhMMjO6UxGlzi,,Afro B,62.0
245,25Y75ozl2aI0NylFToefO5,4vHy2IHzf3EabEa7oMpUZB,No Wahala,https://open.spotify.com/track/4vHy2IHzf3EabEa7oMpUZB,,1da Banton,137.0
246,25Y75ozl2aI0NylFToefO5,3z4CGd63tpUn9a6oQSG0CI,Location (feat. Burna Boy),https://open.spotify.com/track/3z4CGd63tpUn9a6oQSG0CI,,"Dave, Burna Boy",252.0
247,25Y75ozl2aI0NylFToefO5,4EoYs4KY7oHQpJPTuxD7mU,Romeo Must Die (RMD),https://open.spotify.com/track/4EoYs4KY7oHQpJPTuxD7mU,,"Ruger, BNXN",29.0
248,25Y75ozl2aI0NylFToefO5,1BJJbSX6muJVF2AK7uH1x4,Move,https://open.spotify.com/track/1BJJbSX6muJVF2AK7uH1x4,,"Adam Port, Stryv, Keinemusik, Orso, Malachiii",2315.0
249,25Y75ozl2aI0NylFToefO5,5ITV0zqzjOYfFWpW0xBmRa,Show Me Love,https://open.spotify.com/track/5ITV0zqzjOYfFWpW0xBmRa,,"WizTheMc, bees & honey",1853.0
250,25Y75ozl2aI0NylFToefO5,2TOk5OzW5sL83ndKYZJmU7,Active,https://open.spotify.com/track/2TOk5OzW5sL83ndKYZJmU7,,"Asake, Travis Scott",78.0
251,25Y75ozl2aI0NylFToefO5,771KDfpsOtJPQmocQpMdkR,Fi Kan We Kan,https://open.spotify.com/track/771KDfpsOtJPQmocQpMdkR,,"BNXN, Rema",77.0
252,25Y75ozl2aI0NylFToefO5,5ycsqezujKrwviU3VFhci1,Terminator,https://open.spotify.com/track/5ycsqezujKrwviU3VFhci1,,Asake,59.0
253,25Y75ozl2aI0NylFToefO5,1eldTykrnkEBLX41bk5eMw,Petit génie,https://open.spotify.com/track/1eldTykrnkEBLX41bk5eMw,,"Jungeli, Imen Es, Alonzo, Abou Debeing, Lossa",68.0
254,3IRnNJYzErcSzEXxu2Y1NX,7HVdUaGEPc5tH2BjriNvGa,Alle Fälle Intro,https://open.spotify.com/track/7HVdUaGEPc5tH2BjriNvGa,,Die drei ???,20.0
255,3IRnNJYzErcSzEXxu2Y1NX,6Ap32dwoK8KwJcdLEwxf7Z,001 - und der Super-Papagei - Teil 01,https://open.spotify.com/track/6Ap32dwoK8KwJcdLEwxf7Z,,Die drei ???,22.0
256,3IRnNJYzErcSzEXxu2Y1NX,5kyoOBEvrNLzAHEO4Hxcul,001 - und der Super-Papagei - Teil 02,https://open.spotify.com/track/5kyoOBEvrNLzAHEO4Hxcul,,Die drei ???,22.0
257,3IRnNJYzErcSzEXxu2Y1NX,68SbASKPCAcxXt939FFh1s,001 - und der Super-Papagei - Teil 03,https://open.spotify.com/track/68SbASKPCAcxXt939FFh1s,,Die drei ???,22.0
258,3IRnNJYzErcSzEXxu2Y1NX,4I1DuHiUJqkvSZ9AsO7Qvv,001 - und der Super-Papagei - Teil 04,https://open.spotify.com/track/4I1DuHiUJqkvSZ9AsO7Qvv,,Die drei ???,22.0
259,3IRnNJYzErcSzEXxu2Y1NX,6araoUHWalMFNy1rxIQqEX,001 - und der Super-Papagei - Teil 05,https://open.spotify.com/track/6araoUHWalMFNy1rxIQqEX,,Die drei ???,22.0
260,3IRnNJYzErcSzEXxu2Y1NX,1LgkuD5zGcHRrkLanlC5Vv,001 - und der Super-Papagei - Teil 06,https://open.spotify.com/track/1LgkuD5zGcHRrkLanlC5Vv,,Die drei ???,22.0
261,3IRnNJYzErcSzEXxu2Y1NX,5WJi3SbFlSoLOVEilYyKNj,001 - und der Super-Papagei - Teil 07,https://open.spotify.com/track/5WJi3SbFlSoLOVEilYyKNj,,Die drei ???,22.0
262,3IRnNJYzErcSzEXxu2Y1NX,2sL5xVVCNo9z5mSIEfhwMi,001 - und der Super-Papagei - Teil 08,https://open.spotify.com/track/2sL5xVVCNo9z5mSIEfhwMi,,Die drei ???,22.0
263,3IRnNJYzErcSzEXxu2Y1NX,04sNNcPa1d0LjAYoma0sA5,001 - und der Super-Papagei - Teil 09,https://open.spotify.com/track/04sNNcPa1d0LjAYoma0sA5,,Die drei ???,22.0
264,3IRnNJYzErcSzEXxu2Y1NX,6Eq2zUsJ6ZMKnKCya1Pt5v,001 - und der Super-Papagei - Teil 10,https://open.spotify.com/track/6Eq2zUsJ6ZMKnKCya1Pt5v,,Die drei ???,22.0
265,3IRnNJYzErcSzEXxu2Y1NX,1neWEXXzZMxFfeemOcLU4R,001 - und der Super-Papagei - Teil 11,https://open.spotify.com/track/1neWEXXzZMxFfeemOcLU4R,,Die drei ???,22.0
266,3IRnNJYzErcSzEXxu2Y1NX,4AMVErwoJgyi7HLz0HCijS,001 - und der Super-Papagei - Teil 12,https://open.spotify.com/track/4AMVErwoJgyi7HLz0HCijS,,Die drei ???,22.0
267,3IRnNJYzErcSzEXxu2Y1NX,1sPepDFbDVslCD3CmULY1w,001 - und der Super-Papagei - Teil 13,https://open.spotify.com/track/1sPepDFbDVslCD3CmULY1w,,Die drei ???,22.0
268,3IRnNJYzErcSzEXxu2Y1NX,23jI8d4uc3iQZUnPyK4zPN,001 - und der Super-Papagei - Teil 14,https://open.spotify.com/track/23jI8d4uc3iQZUnPyK4zPN,,Die drei ???,22.0
269,3IRnNJYzErcSzEXxu2Y1NX,27lCmKNkY1ADirPj7qj7bc,001 - und der Super-Papagei - Teil 15,https://open.spotify.com/track/27lCmKNkY1ADirPj7qj7bc,,Die drei ???,22.0
270,3IRnNJYzErcSzEXxu2Y1NX,0zzcZYsgcmI1OSf75niCVD,001 - und der Super-Papagei - Teil 16,https://open.spotify.com/track/0zzcZYsgcmI1OSf75niCVD,,Die drei ???,22.0
271,3IRnNJYzErcSzEXxu2Y1NX,1GrBVUkIIoRNwkgoIVfLwj,001 - und der Super-Papagei - Teil 17,https://open.spotify.com/track/1GrBVUkIIoRNwkgoIVfLwj,,Die drei ???,22.0
272,3IRnNJYzErcSzEXxu2Y1NX,5kYmxbCjquxC1YumiEykEk,001 - und der Super-Papagei - Teil 18,https://open.spotify.com/track/5kYmxbCjquxC1YumiEykEk,,Die drei ???,22.0
273,3IRnNJYzErcSzEXxu2Y1NX,4Lfys9zC2haA3Gg65A4ogW,001 - und der Super-Papagei - Teil 19,https://open.spotify.com/track/4Lfys9zC2haA3Gg65A4ogW,,Die drei ???,22.0
274,3IRnNJYzErcSzEXxu2Y1NX,0fq7tmUFgOLbptJ645HJYx,001 - und der Super-Papagei - Teil 20,https://open.spotify.com/track/0fq7tmUFgOLbptJ645HJYx,,Die drei ???,22.0
275,3IRnNJYzErcSzEXxu2Y1NX,6Id9NXs16Sj9rX7adokOH2,001 - und der Super-Papagei - Teil 21,https://open.spotify.com/track/6Id9NXs16Sj9rX7adokOH2,,Die drei ???,21.0
276,3IRnNJYzErcSzEXxu2Y1NX,5KsToAHHT17wIDzthn7RhF,001 - und der Super-Papagei - Teil 22,https://open.spotify.com/track/5KsToAHHT17wIDzthn7RhF,,Die drei ???,21.0
277,3IRnNJYzErcSzEXxu2Y1NX,06HWCWvF6I7ZCl2f3UlOLw,001 - und der Super-Papagei - Teil 23,https://open.spotify.com/track/06HWCWvF6I7ZCl2f3UlOLw,,Die drei ???,21.0
278,3IRnNJYzErcSzEXxu2Y1NX,6FFTvT8XaYZV65PfekiDJF,001 - und der Super-Papagei - Teil 24,https://open.spotify.com/track/6FFTvT8XaYZV65PfekiDJF,,Die drei ???,21.0
279,3IRnNJYzErcSzEXxu2Y1NX,4Je4YuYRbXlkbfhUFrkIqx,001 - und der Super-Papagei - Teil 25,https://open.spotify.com/track/4Je4YuYRbXlkbfhUFrkIqx,,Die drei ???,21.0
280,3IRnNJYzErcSzEXxu2Y1NX,2q6qul0CxsML3LyxeuI7fP,001 - und der Super-Papagei - Teil 26,https://open.spotify.com/track/2q6qul0CxsML3LyxeuI7fP,,Die drei ???,21.0
281,3IRnNJYzErcSzEXxu2Y1NX,4T3UG1ssA0ZcJs9cwctY5f,001 - und der Super-Papagei - Teil 27,https://open.spotify.com/track/4T3UG1ssA0ZcJs9cwctY5f,,Die drei ???,21.0
282,3IRnNJYzErcSzEXxu2Y1NX,3WxBQM3yz0UDtpRdmy35Yv,001 - und der Super-Papagei - Teil 28,https://open.spotify.com/track/3WxBQM3yz0UDtpRdmy35Yv,,Die drei ???,21.0
283,3IRnNJYzErcSzEXxu2Y1NX,2L5Rv9oO4P2oDww4oi9ALR,001 - und der Super-Papagei - Teil 29,https://open.spotify.com/track/2L5Rv9oO4P2oDww4oi9ALR,,Die drei ???,21.0
284,3IRnNJYzErcSzEXxu2Y1NX,0IKXcSZr2MfRY2qEHSN6Vz,001 - und der Super-Papagei - Teil 30,https://open.spotify.com/track/0IKXcSZr2MfRY2qEHSN6Vz,,Die drei ???,21.0
285,3IRnNJYzErcSzEXxu2Y1NX,2FsOtAfiJHRTJ0KqkqZeaM,001 - und der Super-Papagei - Teil 31,https://open.spotify.com/track/2FsOtAfiJHRTJ0KqkqZeaM,,Die drei ???,21.0
286,3IRnNJYzErcSzEXxu2Y1NX,4WhVgh1IB25Rh8NHrt3ZpV,001 - und der Super-Papagei - Teil 32,https://open.spotify.com/track/4WhVgh1IB25Rh8NHrt3ZpV,,Die drei ???,21.0
287,3IRnNJYzErcSzEXxu2Y1NX,1iyNAiMAre3QjPsMcG26MD,001 - und der Super-Papagei - Teil 33,https://open.spotify.com/track/1iyNAiMAre3QjPsMcG26MD,,Die drei ???,21.0
288,3IRnNJYzErcSzEXxu2Y1NX,3EJlu3nfgjVKT3pvVyi6Jl,001 - und der Super-Papagei - Teil 34,https://open.spotify.com/track/3EJlu3nfgjVKT3pvVyi6Jl,,Die drei ???,21.0
289,3IRnNJYzErcSzEXxu2Y1NX,6qF6uwDdwqQ3Wo2sDNk882,001 - und der Super-Papagei - Teil 35,https://open.spotify.com/track/6qF6uwDdwqQ3Wo2sDNk882,,Die drei ???,21.0
290,3IRnNJYzErcSzEXxu2Y1NX,5l38ANxAzK5h09OBEtj2bA,001 - und der Super-Papagei - Teil 36,https://open.spotify.com/track/5l38ANxAzK5h09OBEtj2bA,,Die drei ???,21.0
291,3IRnNJYzErcSzEXxu2Y1NX,6k4xBcELIlxFTtrrMkdcPE,001 - und der Super-Papagei - Teil 37,https://open.spotify.com/track/6k4xBcELIlxFTtrrMkdcPE,,Die drei ???,21.0
292,3IRnNJYzErcSzEXxu2Y1NX,3iXh9mxuIVEm7Uyeve39P2,001 - und der Super-Papagei - Teil 38,https://open.spotify.com/track/3iXh9mxuIVEm7Uyeve39P2,,Die drei ???,21.0
293,3IRnNJYzErcSzEXxu2Y1NX,0GorWTPJ8TqSkj8C5JBOpN,001 - und der Super-Papagei - Teil 39,https://open.spotify.com/track/0GorWTPJ8TqSkj8C5JBOpN,,Die drei ???,21.0
294,3IRnNJYzErcSzEXxu2Y1NX,4WDYLTE2TqVBQc8fMn1Ylq,001 - und der Super-Papagei - Teil 40,https://open.spotify.com/track/4WDYLTE2TqVBQc8fMn1Ylq,,Die drei ???,21.0
295,3IRnNJYzErcSzEXxu2Y1NX,0M1uJeFGUhqqcmAhzccWFL,002 - und der Phantomsee - Teil 01,https://open.spotify.com/track/0M1uJeFGUhqqcmAhzccWFL,,Die drei ???,20.0
296,3IRnNJYzErcSzEXxu2Y1NX,3cUtS6Ku7ctyQHymamqxd1,002 - und der Phantomsee - Teil 02,https://open.spotify.com/track/3cUtS6Ku7ctyQHymamqxd1,,Die drei ???,20.0
297,3IRnNJYzErcSzEXxu2Y1NX,4M3GgciG6prUBAdl1we2Q9,002 - und der Phantomsee - Teil 03,https://open.spotify.com/track/4M3GgciG6prUBAdl1we2Q9,,Die drei ???,20.0
298,3IRnNJYzErcSzEXxu2Y1NX,35suEiEqfZyj63jZA4QiXi,002 - und der Phantomsee - Teil 04,https://open.spotify.com/track/35suEiEqfZyj63jZA4QiXi,,Die drei ???,20.0
299,3IRnNJYzErcSzEXxu2Y1NX,2Fy1CzP3ntJPCzTPHbDZaq,002 - und der Phantomsee - Teil 05,https://open.spotify.com/track/2Fy1CzP3ntJPCzTPHbDZaq,,Die drei ???,20.0
300,3IRnNJYzErcSzEXxu2Y1NX,5KSRbNwNCLhqc2IiGK3y2Q,002 - und der Phantomsee - Teil 06,https://open.spotify.com/track/5KSRbNwNCLhqc2IiGK3y2Q,,Die drei ???,20.0
301,3IRnNJYzErcSzEXxu2Y1NX,6UVcApXpvvwqKzYxYl8ZqL,002 - und der Phantomsee - Teil 07,https://open.spotify.com/track/6UVcApXpvvwqKzYxYl8ZqL,,Die drei ???,20.0
302,3IRnNJYzErcSzEXxu2Y1NX,37VifAh7bFvDrZPtdz9ank,002 - und der Phantomsee - Teil 08,https://open.spotify.com/track/37VifAh7bFvDrZPtdz9ank,,Die drei ???,20.0
303,3IRnNJYzErcSzEXxu2Y1NX,4WfgngNWAtIGJbf8rGHBjo,002 - und der Phantomsee - Teil 09,https://open.spotify.com/track/4WfgngNWAtIGJbf8rGHBjo,,Die drei ???,20.0
304,3IRnNJYzErcSzEXxu2Y1NX,6UAAcHe69UKlRLS15YMkmC,002 - und der Phantomsee - Teil 10,https://open.spotify.com/track/6UAAcHe69UKlRLS15YMkmC,,Die drei ???,20.0
305,3IRnNJYzErcSzEXxu2Y1NX,2coneH1vq8iELXAmDjiumx,002 - und der Phantomsee - Teil 11,https://open.spotify.com/track/2coneH1vq8iELXAmDjiumx,,Die drei ???,20.0
306,3IRnNJYzErcSzEXxu2Y1NX,7I5NSAjVxeNUU6Ya9uQ9j0,002 - und der Phantomsee - Teil 12,https://open.spotify.com/track/7I5NSAjVxeNUU6Ya9uQ9j0,,Die drei ???,20.0
307,3IRnNJYzErcSzEXxu2Y1NX,2XsWikIYDbmqtkxCFFGvss,002 - und der Phantomsee - Teil 13,https://open.spotify.com/track/2XsWikIYDbmqtkxCFFGvss,,Die drei ???,20.0
308,3IRnNJYzErcSzEXxu2Y1NX,5aEI4H0fyTajUtIIDd9kJp,002 - und der Phantomsee - Teil 14,https://open.spotify.com/track/5aEI4H0fyTajUtIIDd9kJp,,Die drei ???,20.0
309,3IRnNJYzErcSzEXxu2Y1NX,4RaGQiENkxqP3H27Sol7yK,002 - und der Phantomsee - Teil 15,https://open.spotify.com/track/4RaGQiENkxqP3H27Sol7yK,,Die drei ???,20.0
310,3IRnNJYzErcSzEXxu2Y1NX,3AAWwH5iLhFtXjyAUbamH0,002 - und der Phantomsee - Teil 16,https://open.spotify.com/track/3AAWwH5iLhFtXjyAUbamH0,,Die drei ???,20.0
311,3IRnNJYzErcSzEXxu2Y1NX,4RSwRQvt2Ke84JFbU4Bue9,002 - und der Phantomsee - Teil 17,https://open.spotify.com/track/4RSwRQvt2Ke84JFbU4Bue9,,Die drei ???,20.0
312,3IRnNJYzErcSzEXxu2Y1NX,2iQpsoCUYMJTka1Vh4ADGm,002 - und der Phantomsee - Teil 18,https://open.spotify.com/track/2iQpsoCUYMJTka1Vh4ADGm,,Die drei ???,20.0
313,3IRnNJYzErcSzEXxu2Y1NX,4xfhu9YL8LyV0rpmOBx1Co,002 - und der Phantomsee - Teil 19,https://open.spotify.com/track/4xfhu9YL8LyV0rpmOBx1Co,,Die drei ???,20.0
314,3IRnNJYzErcSzEXxu2Y1NX,3ic4UFmTMYV80jpnsjpcbH,002 - und der Phantomsee - Teil 20,https://open.spotify.com/track/3ic4UFmTMYV80jpnsjpcbH,,Die drei ???,20.0
315,3IRnNJYzErcSzEXxu2Y1NX,17F0e8uP73jjV4zD0UV6S3,002 - und der Phantomsee - Teil 21,https://open.spotify.com/track/17F0e8uP73jjV4zD0UV6S3,,Die drei ???,20.0
316,3IRnNJYzErcSzEXxu2Y1NX,7bH8OKtv5Hlt0OOLRJZuIH,002 - und der Phantomsee - Teil 22,https://open.spotify.com/track/7bH8OKtv5Hlt0OOLRJZuIH,,Die drei ???,20.0
317,3IRnNJYzErcSzEXxu2Y1NX,7GTUWzID3nc3ilEqlPScWe,002 - und der Phantomsee - Teil 23,https://open.spotify.com/track/7GTUWzID3nc3ilEqlPScWe,,Die drei ???,20.0
318,3IRnNJYzErcSzEXxu2Y1NX,0piIbtGGlHrDmUocIV5w2o,002 - und der Phantomsee - Teil 24,https://open.spotify.com/track/0piIbtGGlHrDmUocIV5w2o,,Die drei ???,20.0
319,3IRnNJYzErcSzEXxu2Y1NX,5QHWirtPjVWxUGr2fC4s9t,002 - und der Phantomsee - Teil 25,https://open.spotify.com/track/5QHWirtPjVWxUGr2fC4s9t,,Die drei ???,20.0
320,3IRnNJYzErcSzEXxu2Y1NX,7jOLACZP0cL7kGXAQa4vXf,002 - und der Phantomsee - Teil 26,https://open.spotify.com/track/7jOLACZP0cL7kGXAQa4vXf,,Die drei ???,20.0
321,3IRnNJYzErcSzEXxu2Y1NX,6wnVg5Ot03lT1j0IUz1FoY,002 - und der Phantomsee - Teil 27,https://open.spotify.com/track/6wnVg5Ot03lT1j0IUz1FoY,,Die drei ???,20.0
322,3IRnNJYzErcSzEXxu2Y1NX,0tkwooCvXXcy4oWK6H2F0T,002 - und der Phantomsee - Teil 28,https://open.spotify.com/track/0tkwooCvXXcy4oWK6H2F0T,,Die drei ???,20.0
323,3IRnNJYzErcSzEXxu2Y1NX,53Qu0law0lN2fHuZO42f4N,002 - und der Phantomsee - Teil 29,https://open.spotify.com/track/53Qu0law0lN2fHuZO42f4N,,Die drei ???,20.0
324,3IRnNJYzErcSzEXxu2Y1NX,5VGUkYKETuryspLcm96q27,002 - und der Phantomsee - Teil 30,https://open.spotify.com/track/5VGUkYKETuryspLcm96q27,,Die drei ???,20.0
325,3IRnNJYzErcSzEXxu2Y1NX,7Fk56rcqXwlJLaEevX7D9j,002 - und der Phantomsee - Teil 31,https://open.spotify.com/track/7Fk56rcqXwlJLaEevX7D9j,,Die drei ???,20.0
326,3IRnNJYzErcSzEXxu2Y1NX,5zYwe7THcJHgaAIfN9jrRs,002 - und der Phantomsee - Teil 32,https://open.spotify.com/track/5zYwe7THcJHgaAIfN9jrRs,,Die drei ???,20.0
327,3IRnNJYzErcSzEXxu2Y1NX,4ZjxItsrZcEJMOUFCsVVsM,002 - und der Phantomsee - Teil 33,https://open.spotify.com/track/4ZjxItsrZcEJMOUFCsVVsM,,Die drei ???,20.0
328,3IRnNJYzErcSzEXxu2Y1NX,3nhws5k0QJ9X7COXy05tDZ,002 - und der Phantomsee - Teil 34,https://open.spotify.com/track/3nhws5k0QJ9X7COXy05tDZ,,Die drei ???,20.0
329,3IRnNJYzErcSzEXxu2Y1NX,1YuuwLN877AE5PwLEvh71C,002 - und der Phantomsee - Teil 35,https://open.spotify.com/track/1YuuwLN877AE5PwLEvh71C,,Die drei ???,20.0
330,3IRnNJYzErcSzEXxu2Y1NX,0qcPJYFgFxTrKyonlx5xlR,002 - und der Phantomsee - Teil 36,https://open.spotify.com/track/0qcPJYFgFxTrKyonlx5xlR,,Die drei ???,20.0
331,3IRnNJYzErcSzEXxu2Y1NX,22MbbsCybvzrDyWuiBPFH6,002 - und der Phantomsee - Teil 37,https://open.spotify.com/track/22MbbsCybvzrDyWuiBPFH6,,Die drei ???,20.0
332,3IRnNJYzErcSzEXxu2Y1NX,52juVHmx5OiyYWJJmJuJqI,002 - und der Phantomsee - Teil 38,https://open.spotify.com/track/52juVHmx5OiyYWJJmJuJqI,,Die drei ???,20.0
333,3IRnNJYzErcSzEXxu2Y1NX,3LWj4TFqtlvwdHZLpxrgR9,002 - und der Phantomsee - Teil 39,https://open.spotify.com/track/3LWj4TFqtlvwdHZLpxrgR9,,Die drei ???,20.0
334,3IRnNJYzErcSzEXxu2Y1NX,3EXovIMyGdBMpXoPN9Zk8Z,002 - und der Phantomsee - Teil 40,https://open.spotify.com/track/3EXovIMyGdBMpXoPN9Zk8Z,,Die drei ???,20.0
335,3IRnNJYzErcSzEXxu2Y1NX,2ZLQvcQrImdFDNmYnnZCpS,003 - und der Karpatenhund - Teil 01,https://open.spotify.com/track/2ZLQvcQrImdFDNmYnnZCpS,,Die drei ???,26.0
336,3IRnNJYzErcSzEXxu2Y1NX,7eGRJlOoMbjcyxf1n7D7oM,003 - und der Karpatenhund - Teil 02,https://open.spotify.com/track/7eGRJlOoMbjcyxf1n7D7oM,,Die drei ???,26.0
337,3IRnNJYzErcSzEXxu2Y1NX,1MrErnpaCjuKCRVhN2rsaZ,003 - und der Karpatenhund - Teil 03,https://open.spotify.com/track/1MrErnpaCjuKCRVhN2rsaZ,,Die drei ???,26.0
338,3IRnNJYzErcSzEXxu2Y1NX,1amdx6jgKrPqzpauzreXXS,003 - und der Karpatenhund - Teil 04,https://open.spotify.com/track/1amdx6jgKrPqzpauzreXXS,,Die drei ???,26.0
339,3IRnNJYzErcSzEXxu2Y1NX,4POWqsICfi6JMmyJcSIFoh,003 - und der Karpatenhund - Teil 05,https://open.spotify.com/track/4POWqsICfi6JMmyJcSIFoh,,Die drei ???,20.0
340,3IRnNJYzErcSzEXxu2Y1NX,5cnj2b8wkbUaUVfSTekebF,003 - und der Karpatenhund - Teil 06,https://open.spotify.com/track/5cnj2b8wkbUaUVfSTekebF,,Die drei ???,20.0
341,3IRnNJYzErcSzEXxu2Y1NX,4aOAtGkjJyC9JTSINiZrxv,003 - und der Karpatenhund - Teil 07,https://open.spotify.com/track/4aOAtGkjJyC9JTSINiZrxv,,Die drei ???,20.0
342,3IRnNJYzErcSzEXxu2Y1NX,6VT0oWvNMdZ6Qxf6Zma9M5,003 - und der Karpatenhund - Teil 08,https://open.spotify.com/track/6VT0oWvNMdZ6Qxf6Zma9M5,,Die drei ???,20.0
343,3IRnNJYzErcSzEXxu2Y1NX,6DdNAotUrZJ6DfBDDuGP8f,003 - und der Karpatenhund - Teil 09,https://open.spotify.com/track/6DdNAotUrZJ6DfBDDuGP8f,,Die drei ???,20.0
344,3IRnNJYzErcSzEXxu2Y1NX,2TUuXouyCZ7r9mmfRiqSEZ,003 - und der Karpatenhund - Teil 10,https://open.spotify.com/track/2TUuXouyCZ7r9mmfRiqSEZ,,Die drei ???,20.0
345,3IRnNJYzErcSzEXxu2Y1NX,3ljiwVq4jcFSzh0OBYQeGN,003 - und der Karpatenhund - Teil 11,https://open.spotify.com/track/3ljiwVq4jcFSzh0OBYQeGN,,Die drei ???,20.0
346,3IRnNJYzErcSzEXxu2Y1NX,7CSCsG89KC1aRYkpkLLVvB,003 - und der Karpatenhund - Teil 12,https://open.spotify.com/track/7CSCsG89KC1aRYkpkLLVvB,,Die drei ???,20.0
347,3IRnNJYzErcSzEXxu2Y1NX,5hP3JsFDSXiXuqXVafIOjF,003 - und der Karpatenhund - Teil 13,https://open.spotify.com/track/5hP3JsFDSXiXuqXVafIOjF,,Die drei ???,20.0
348,3IRnNJYzErcSzEXxu2Y1NX,2uqB9lgsqfg4yDXTjY0Xnk,003 - und der Karpatenhund - Teil 14,https://open.spotify.com/track/2uqB9lgsqfg4yDXTjY0Xnk,,Die drei ???,20.0
349,3IRnNJYzErcSzEXxu2Y1NX,2UAHnou6RkV6EwBgtPUGqN,003 - und der Karpatenhund - Teil 15,https://open.spotify.com/track/2UAHnou6RkV6EwBgtPUGqN,,Die drei ???,20.0
350,3IRnNJYzErcSzEXxu2Y1NX,6W31TsLb3dgm2wRjLitq9q,003 - und der Karpatenhund - Teil 16,https://open.spotify.com/track/6W31TsLb3dgm2wRjLitq9q,,Die drei ???,20.0
351,3IRnNJYzErcSzEXxu2Y1NX,2PX4Z5fBiH4rKFLeUCqqnu,003 - und der Karpatenhund - Teil 17,https://open.spotify.com/track/2PX4Z5fBiH4rKFLeUCqqnu,,Die drei ???,20.0
352,3IRnNJYzErcSzEXxu2Y1NX,4gO6jaysjM1cWVGTHaTomf,003 - und der Karpatenhund - Teil 18,https://open.spotify.com/track/4gO6jaysjM1cWVGTHaTomf,,Die drei ???,20.0
353,3IRnNJYzErcSzEXxu2Y1NX,5zAh5dySFntme3IloOiard,003 - und der Karpatenhund - Teil 19,https://open.spotify.com/track/5zAh5dySFntme3IloOiard,,Die drei ???,20.0
354,1uNj91vKo7JPMaTP6CpU6F,0GjEhVFGZW8afUYGChu3Rr,Dancing Queen,https://open.spotify.com/track/0GjEhVFGZW8afUYGChu3Rr,,ABBA,1525.0
355,1uNj91vKo7JPMaTP6CpU6F,3vkQ5DAB1qQMYO4Mr9zJN6,Gimme! Gimme! Gimme! (A Man After Midnight),https://open.spotify.com/track/3vkQ5DAB1qQMYO4Mr9zJN6,,ABBA,1063.0
356,1uNj91vKo7JPMaTP6CpU6F,3oEkrIfXfSh9zGnE7eBzSV,The Winner Takes It All,https://open.spotify.com/track/3oEkrIfXfSh9zGnE7eBzSV,,ABBA,355.0
357,1uNj91vKo7JPMaTP6CpU6F,2TxCwUlqaOH3TIyJqGgR91,Mamma Mia,https://open.spotify.com/track/2TxCwUlqaOH3TIyJqGgR91,,ABBA,589.0
358,1uNj91vKo7JPMaTP6CpU6F,4euAGZTszWPrriggYK0HG9,Lay All Your Love On Me,https://open.spotify.com/track/4euAGZTszWPrriggYK0HG9,,ABBA,413.0
359,1uNj91vKo7JPMaTP6CpU6F,5BckPAYcKEJuYs1eV1BHHe,Take A Chance On Me,https://open.spotify.com/track/5BckPAYcKEJuYs1eV1BHHe,,ABBA,364.0
360,1uNj91vKo7JPMaTP6CpU6F,0J2p4KYdr6Mg4ET6JPlbe1,Super Trouper,https://open.spotify.com/track/0J2p4KYdr6Mg4ET6JPlbe1,,ABBA,266.0
361,1uNj91vKo7JPMaTP6CpU6F,762B4bOcXF7I2Y8UlKTyTy,Chiquitita,https://open.spotify.com/track/762B4bOcXF7I2Y8UlKTyTy,,ABBA,303.0
362,1uNj91vKo7JPMaTP6CpU6F,3Dy4REq8O09IlgiwuHQ3sk,Waterloo,https://open.spotify.com/track/3Dy4REq8O09IlgiwuHQ3sk,,ABBA,317.0
363,1uNj91vKo7JPMaTP6CpU6F,17OqI90oTFZ3J8PVu6j07V,Voulez-Vous,https://open.spotify.com/track/17OqI90oTFZ3J8PVu6j07V,,ABBA,225.0
364,1uNj91vKo7JPMaTP6CpU6F,6TvxPS4fj4LUdjw2es4g21,Slipping Through My Fingers,https://open.spotify.com/track/6TvxPS4fj4LUdjw2es4g21,,ABBA,187.0
365,1uNj91vKo7JPMaTP6CpU6F,3lKN03PDeBnXZS7sDukRBt,"Money, Money, Money",https://open.spotify.com/track/3lKN03PDeBnXZS7sDukRBt,,ABBA,192.0
366,1uNj91vKo7JPMaTP6CpU6F,4BM8yJ0PzBi2ZewpMTOxtx,Fernando,https://open.spotify.com/track/4BM8yJ0PzBi2ZewpMTOxtx,,ABBA,139.0
367,1uNj91vKo7JPMaTP6CpU6F,2245x0g1ft0HC7sf79zbYN,Lay All Your Love On Me,https://open.spotify.com/track/2245x0g1ft0HC7sf79zbYN,,ABBA,168.0
368,1uNj91vKo7JPMaTP6CpU6F,5pMmWfuL0FTGshYt7HVJ8P,SOS,https://open.spotify.com/track/5pMmWfuL0FTGshYt7HVJ8P,,ABBA,75.0
369,1uNj91vKo7JPMaTP6CpU6F,29FNeqjOV2kPWGS55qhtGB,"Money, Money, Money",https://open.spotify.com/track/29FNeqjOV2kPWGS55qhtGB,,ABBA,104.0
370,1uNj91vKo7JPMaTP6CpU6F,1PtJclc46wTk367PlsU6Uj,I Have A Dream,https://open.spotify.com/track/1PtJclc46wTk367PlsU6Uj,,ABBA,38.0
371,1uNj91vKo7JPMaTP6CpU6F,08GOw3NsrJ0LsCCeyqzt3b,Thank You For The Music,https://open.spotify.com/track/08GOw3NsrJ0LsCCeyqzt3b,,ABBA,70.0
372,1uNj91vKo7JPMaTP6CpU6F,1rMfDvE2C8ne8UZj847rKM,Dancing Queen,https://open.spotify.com/track/1rMfDvE2C8ne8UZj847rKM,,ABBA,45.0
373,1uNj91vKo7JPMaTP6CpU6F,6hHXft1nFyvfVv6UoRToPZ,Our Last Summer,https://open.spotify.com/track/6hHXft1nFyvfVv6UoRToPZ,,ABBA,99.0
374,1uNj91vKo7JPMaTP6CpU6F,0x5BKBAcia1th7UzcoHnD1,"I Do, I Do, I Do, I Do, I Do",https://open.spotify.com/track/0x5BKBAcia1th7UzcoHnD1,,ABBA,56.0
375,1uNj91vKo7JPMaTP6CpU6F,1lDo24S34NvI1pAg7Oxldc,The Name Of The Game,https://open.spotify.com/track/1lDo24S34NvI1pAg7Oxldc,,ABBA,38.0
376,1uNj91vKo7JPMaTP6CpU6F,6zk4lFEYIWs1UZZ03NVetT,When I Kissed The Teacher,https://open.spotify.com/track/6zk4lFEYIWs1UZZ03NVetT,,ABBA,48.0
377,1uNj91vKo7JPMaTP6CpU6F,1zZLRpTzRTqPQ7G7uxYI9Y,Angeleyes,https://open.spotify.com/track/1zZLRpTzRTqPQ7G7uxYI9Y,,ABBA,16.0
378,1uNj91vKo7JPMaTP6CpU6F,45EaIq9lKyoQxxTjFkiGbl,Does Your Mother Know,https://open.spotify.com/track/45EaIq9lKyoQxxTjFkiGbl,,ABBA,23.0
379,1uNj91vKo7JPMaTP6CpU6F,4VR8erwUal5AIAhX4aBkhv,"Knowing Me, Knowing You",https://open.spotify.com/track/4VR8erwUal5AIAhX4aBkhv,,ABBA,28.0
380,1uNj91vKo7JPMaTP6CpU6F,3R47KOuGuGvmoeQqbODPa3,If It Wasn't For The Nights,https://open.spotify.com/track/3R47KOuGuGvmoeQqbODPa3,,ABBA,45.0
381,1uNj91vKo7JPMaTP6CpU6F,1JnHZagDFvrT2lx4QovSOo,"Andante, Andante",https://open.spotify.com/track/1JnHZagDFvrT2lx4QovSOo,,ABBA,33.0
382,1uNj91vKo7JPMaTP6CpU6F,0ymYtcrJsfwI4y5Zdsj0WB,Hasta Manana,https://open.spotify.com/track/0ymYtcrJsfwI4y5Zdsj0WB,,ABBA,32.0
383,1uNj91vKo7JPMaTP6CpU6F,5fmvZgUFuUq1SnzT3S6y4o,Ring Ring - English Version,https://open.spotify.com/track/5fmvZgUFuUq1SnzT3S6y4o,,ABBA,32.0
384,1uNj91vKo7JPMaTP6CpU6F,4AsvGVDWs16fqIiIdDzyvX,Happy New Year,https://open.spotify.com/track/4AsvGVDWs16fqIiIdDzyvX,,ABBA,16.0
385,1uNj91vKo7JPMaTP6CpU6F,35iCSlFxyiawRBUOtQAkeT,Summer Night City,https://open.spotify.com/track/35iCSlFxyiawRBUOtQAkeT,,ABBA,26.0
386,1uNj91vKo7JPMaTP6CpU6F,5boJKR3VLBW0dc5167wKDE,Head Over Heels,https://open.spotify.com/track/5boJKR3VLBW0dc5167wKDE,,ABBA,15.0
387,1uNj91vKo7JPMaTP6CpU6F,43T696K5X1s1mtxIuuUvvz,When All Is Said And Done,https://open.spotify.com/track/43T696K5X1s1mtxIuuUvvz,,ABBA,13.0
388,1uNj91vKo7JPMaTP6CpU6F,7qbQFKgGOxk7aoCBGwLZuA,"My Love, My Life",https://open.spotify.com/track/7qbQFKgGOxk7aoCBGwLZuA,,ABBA,24.0
389,1uNj91vKo7JPMaTP6CpU6F,3ddxe0WYUpNPtSnHgQOad5,I Still Have Faith In You,https://open.spotify.com/track/3ddxe0WYUpNPtSnHgQOad5,,ABBA,16.0
390,1uNj91vKo7JPMaTP6CpU6F,6zgtBUEkAfilJ2YEOvNexR,One Of Us,https://open.spotify.com/track/6zgtBUEkAfilJ2YEOvNexR,,ABBA,14.0
391,1uNj91vKo7JPMaTP6CpU6F,2dnR7o8cm9798o6KPsopki,On And On And On,https://open.spotify.com/track/2dnR7o8cm9798o6KPsopki,,ABBA,12.0
392,1uNj91vKo7JPMaTP6CpU6F,6W26h4KbGUnEaav5VWIyJm,The Day Before You Came,https://open.spotify.com/track/6W26h4KbGUnEaav5VWIyJm,,ABBA,18.0
393,1uNj91vKo7JPMaTP6CpU6F,46OKHucGhjhskazqD8tKnH,When You Danced With Me,https://open.spotify.com/track/46OKHucGhjhskazqD8tKnH,,ABBA,10.0
394,1uNj91vKo7JPMaTP6CpU6F,32SHYXEJZkpsnJkcggucM0,That's Me,https://open.spotify.com/track/32SHYXEJZkpsnJkcggucM0,,ABBA,13.0
395,1uNj91vKo7JPMaTP6CpU6F,3ZqqHOM10rD7y3G6bxDXTv,Just A Notion,https://open.spotify.com/track/3ZqqHOM10rD7y3G6bxDXTv,,ABBA,11.0
396,1uNj91vKo7JPMaTP6CpU6F,1vLPyotXnRlM2EJIHK16LW,Little Things,https://open.spotify.com/track/1vLPyotXnRlM2EJIHK16LW,,ABBA,12.0
397,1uNj91vKo7JPMaTP6CpU6F,4JzJihuvIlhaYqSUNNJGBl,Me And I,https://open.spotify.com/track/4JzJihuvIlhaYqSUNNJGBl,,ABBA,15.0
398,1uNj91vKo7JPMaTP6CpU6F,3MsQJQPi172pXgXcYGlenx,Under Attack,https://open.spotify.com/track/3MsQJQPi172pXgXcYGlenx,,ABBA,14.0
399,1uNj91vKo7JPMaTP6CpU6F,4lC9s3vwDa16w2G33KfF9C,The Visitors,https://open.spotify.com/track/4lC9s3vwDa16w2G33KfF9C,,ABBA,11.0
400,1uNj91vKo7JPMaTP6CpU6F,6GwEXzeLKORRKjmKDHfyUp,So Long,https://open.spotify.com/track/6GwEXzeLKORRKjmKDHfyUp,,ABBA,13.0
401,1uNj91vKo7JPMaTP6CpU6F,5jfZEsdQMAaoeDLib5rLu4,Bang-A-Boomerang,https://open.spotify.com/track/5jfZEsdQMAaoeDLib5rLu4,,ABBA,13.0
402,1uNj91vKo7JPMaTP6CpU6F,69OmpIXN0WPreDYxoFwlYC,Eagle - Long Version,https://open.spotify.com/track/69OmpIXN0WPreDYxoFwlYC,,ABBA,12.0
403,1uNj91vKo7JPMaTP6CpU6F,1OC16r1BdQO6hK2iqmvwXF,Keep An Eye On Dan,https://open.spotify.com/track/1OC16r1BdQO6hK2iqmvwXF,,ABBA,10.0
404,487jKTFqWhs6b0AEUz0WpX,6NIJqFHB5cHAn064JCP7Li,Move,https://open.spotify.com/track/6NIJqFHB5cHAn064JCP7Li,,"Adam Port, Stryv, Keinemusik, Orso, Malachiii",430.0
405,487jKTFqWhs6b0AEUz0WpX,5nPbKG04fhLkIAjcPFaZq7,I Adore You (feat. Daecolm),https://open.spotify.com/track/5nPbKG04fhLkIAjcPFaZq7,,"HUGEL, Topic, Arash, Daecolm",2105.0
406,487jKTFqWhs6b0AEUz0WpX,480j122Gpi252OIfy4SNzm,Yamore,https://open.spotify.com/track/480j122Gpi252OIfy4SNzm,,"MoBlack, Salif Keita, Benja (NL), Franc Fala, Cesária Evora",743.0
407,487jKTFqWhs6b0AEUz0WpX,73YTJNeXISV9QHMG82ZrwP,Say What,https://open.spotify.com/track/73YTJNeXISV9QHMG82ZrwP,,"Rampa, Adam Port, &ME, chuala, Keinemusik",223.0
408,487jKTFqWhs6b0AEUz0WpX,2nljjiWhzVIugb5vgEMQQk,My Love (2024),https://open.spotify.com/track/2nljjiWhzVIugb5vgEMQQk,,"Alex Wann, Route 94, Jess Glynne",513.0
409,487jKTFqWhs6b0AEUz0WpX,0WS1qLcXKsCGt5e3dqq30S,Forever (feat. Malou & Yuna),https://open.spotify.com/track/0WS1qLcXKsCGt5e3dqq30S,,"HUGEL, Diplo, Malou, Yuna",772.0
410,487jKTFqWhs6b0AEUz0WpX,0xoYZ45fgTfyQYREZPN7Sa,You & Me - Rivo Remix,https://open.spotify.com/track/0xoYZ45fgTfyQYREZPN7Sa,,"Disclosure, Eliza Doolittle, Rivo",1610.0
411,487jKTFqWhs6b0AEUz0WpX,1k2OaUl9NGaBA4wa3Ommvc,Shine Like Stars,https://open.spotify.com/track/1k2OaUl9NGaBA4wa3Ommvc,,Benji,362.0
412,487jKTFqWhs6b0AEUz0WpX,14e2ob5d6fW1TTn5ZlXF5N,Si Ai - Marshmello & UKAY Remix,https://open.spotify.com/track/14e2ob5d6fW1TTn5ZlXF5N,,"Tayna, Marshmello, UKAY",141.0
413,487jKTFqWhs6b0AEUz0WpX,0r3nMF80NSIuPIxeod4aoG,Beso (Fruta Fresca),https://open.spotify.com/track/0r3nMF80NSIuPIxeod4aoG,,"Wakyin, Carlos Vives",543.0
414,487jKTFqWhs6b0AEUz0WpX,3wlEt7tgbcyowpdlcnCwfz,Sauti,https://open.spotify.com/track/3wlEt7tgbcyowpdlcnCwfz,,"Francis Mercier, Faul & Wad, African Children's Choir",359.0
415,487jKTFqWhs6b0AEUz0WpX,5QwJtoSfJqEPHlNCm46uex,A Gira,https://open.spotify.com/track/5QwJtoSfJqEPHlNCm46uex,,unfazed,389.0
417,487jKTFqWhs6b0AEUz0WpX,4Qo9UFzbsp5avmUs6Okpl6,Gabriel,https://open.spotify.com/track/4Qo9UFzbsp5avmUs6Okpl6,,"Hydawai, CMC$, Benji",172.0
418,487jKTFqWhs6b0AEUz0WpX,2KVAO2OAH6a9Tr2DqYL65g,CORAÇAO - 20th Anniversary Mix,https://open.spotify.com/track/2KVAO2OAH6a9Tr2DqYL65g,,"Jerry Ropero, HUGEL, Mijangos, Jesús Fernández",323.0
419,487jKTFqWhs6b0AEUz0WpX,0dgdDB39uUoC8WICmTE2U8,No Bad Vibes,https://open.spotify.com/track/0dgdDB39uUoC8WICmTE2U8,,"Jazzy, KILIMANJARO",579.0
420,487jKTFqWhs6b0AEUz0WpX,7qrnsZLQIjYljtyWUkmZNa,Muhuuuuu,https://open.spotify.com/track/7qrnsZLQIjYljtyWUkmZNa,,"Lazare, ADDAM (BE)",170.0
421,487jKTFqWhs6b0AEUz0WpX,6sgYrldk8IdtSERq4eGZj1,Life Is Simple (Move Your Body) [Feat Salomé Das],https://open.spotify.com/track/6sgYrldk8IdtSERq4eGZj1,,"Maesic, Marshall Jefferson, Salomé Das",149.0
422,487jKTFqWhs6b0AEUz0WpX,0vBqDdVYnqGAD41TsizN73,Baille,https://open.spotify.com/track/0vBqDdVYnqGAD41TsizN73,,ERIICE,505.0
423,487jKTFqWhs6b0AEUz0WpX,1JKo6V7VgO6MM2uj7iVkHh,Jump,https://open.spotify.com/track/1JKo6V7VgO6MM2uj7iVkHh,,Levi,373.0
424,487jKTFqWhs6b0AEUz0WpX,7IQDLhMpgQ23GIHh550TT9,Another Life - Marten Lou Remix,https://open.spotify.com/track/7IQDLhMpgQ23GIHh550TT9,,"Naomi Sharon, Marten Lou",161.0
425,487jKTFqWhs6b0AEUz0WpX,5ZUIPLoTLJZrPQh2kFZEUM,Addicted,https://open.spotify.com/track/5ZUIPLoTLJZrPQh2kFZEUM,,"Zerb, The Chainsmokers, Ink",1000.0
426,487jKTFqWhs6b0AEUz0WpX,1aRd5tMVhiRyMJLmSOg2IF,The Boy Is Mine,https://open.spotify.com/track/1aRd5tMVhiRyMJLmSOg2IF,,"James Mac, Vall, Rosalie",404.0
427,487jKTFqWhs6b0AEUz0WpX,4HDC7Mo6uLTujRvHymiXDf,Mwaki,https://open.spotify.com/track/4HDC7Mo6uLTujRvHymiXDf,,"Zerb, Sofiya Nzau",267.0
428,487jKTFqWhs6b0AEUz0WpX,0cgODPSGPfVKvJ3ZarsK70,La Verdolaga (feat. Totó La Momposina),https://open.spotify.com/track/0cgODPSGPfVKvJ3ZarsK70,,"HUGEL, Totó La Momposina",186.0
429,487jKTFqWhs6b0AEUz0WpX,4kar5EtR271EvY3FIFsnJP,Makeda,https://open.spotify.com/track/4kar5EtR271EvY3FIFsnJP,,Alice DiMar,98.0
430,487jKTFqWhs6b0AEUz0WpX,49GpUfc9M09eGET6yBJUAj,Gorah,https://open.spotify.com/track/49GpUfc9M09eGET6yBJUAj,,"Nitefreak, Emmanuel Jal",350.0
431,487jKTFqWhs6b0AEUz0WpX,02YMpD1xbZZzpZbuZNvmD7,Sideways,https://open.spotify.com/track/02YMpD1xbZZzpZbuZNvmD7,,"Gordo, Drake",332.0
432,487jKTFqWhs6b0AEUz0WpX,2GwQ33xxkI5sVy8JOcMRVg,Lap of Gods (feat. Sam Welch),https://open.spotify.com/track/2GwQ33xxkI5sVy8JOcMRVg,,"Benji, Sam Welch",78.0
433,487jKTFqWhs6b0AEUz0WpX,2BUL7sF7y5oBYUQarVCukR,Pasilda - Knee Deep Mix,https://open.spotify.com/track/2BUL7sF7y5oBYUQarVCukR,,"Afro Medusa, Knee Deep",224.0
434,487jKTFqWhs6b0AEUz0WpX,5KTZgG84bKFGm53lhLtTqc,Mwaki,https://open.spotify.com/track/5KTZgG84bKFGm53lhLtTqc,,"Zerb, Sofiya Nzau",723.0
435,487jKTFqWhs6b0AEUz0WpX,5hJcyuLIlIpOTDHtVeoh9S,Ethnica (Pasilda),https://open.spotify.com/track/5hJcyuLIlIpOTDHtVeoh9S,,"Nico de Andrea, Vanetty, Afro Medusa",72.0
436,487jKTFqWhs6b0AEUz0WpX,1NKjc6bRHutPoaVtYclFC3,Your Body,https://open.spotify.com/track/1NKjc6bRHutPoaVtYclFC3,,Marten Lou,315.0
437,487jKTFqWhs6b0AEUz0WpX,66tTks0fdZ1t8Ux7SF0yrZ,Weyu,https://open.spotify.com/track/66tTks0fdZ1t8Ux7SF0yrZ,,"Lucas Estrada, Lenji, Amadi Blue",223.0
438,487jKTFqWhs6b0AEUz0WpX,1P9ZF3ZxRWNTDgJkZOgkI9,Famax - Edit,https://open.spotify.com/track/1P9ZF3ZxRWNTDgJkZOgkI9,,RAFFA GUIDO,461.0
439,487jKTFqWhs6b0AEUz0WpX,2jxJzUWxqX2fnQTD9lmi2x,Papi (Bhabi),https://open.spotify.com/track/2jxJzUWxqX2fnQTD9lmi2x,,Eden Shalev,132.0
440,487jKTFqWhs6b0AEUz0WpX,4ae7kOsYM7CQqljNqMQ4lN,Peru - Peace Control Remix,https://open.spotify.com/track/4ae7kOsYM7CQqljNqMQ4lN,,"Fireboy DML, Peace Control",196.0
441,487jKTFqWhs6b0AEUz0WpX,60udDsJRykIoU3NEkIxQhR,More Amor Por Favor,https://open.spotify.com/track/60udDsJRykIoU3NEkIxQhR,,Dylan Linde,70.0
442,487jKTFqWhs6b0AEUz0WpX,1Rh8OSTma2g6BdfBYXiTrq,Nothing On Me,https://open.spotify.com/track/1Rh8OSTma2g6BdfBYXiTrq,,"Maz, APACHE (FR), MAXI MERAKI, Tabia",218.0
443,487jKTFqWhs6b0AEUz0WpX,6CqPGAoMqPoOGCfxSKuKtC,This Is My Life - Bontan Remix,https://open.spotify.com/track/6CqPGAoMqPoOGCfxSKuKtC,,"HoneyLuv, Roland Clark, Bontan",106.0
444,487jKTFqWhs6b0AEUz0WpX,5JIC3AqDuyFtva4oExpNcx,Believe,https://open.spotify.com/track/5JIC3AqDuyFtva4oExpNcx,,Super Flu,95.0
445,487jKTFqWhs6b0AEUz0WpX,1uocWi1fMR0GHOJQNGU0Bi,RUMBLE,https://open.spotify.com/track/1uocWi1fMR0GHOJQNGU0Bi,,RUSH AVENUE,94.0
446,487jKTFqWhs6b0AEUz0WpX,3ZbWQHFEZGl77HC2a3berD,Baiana - Radio Edit,https://open.spotify.com/track/3ZbWQHFEZGl77HC2a3berD,,Space Motion,115.0
447,487jKTFqWhs6b0AEUz0WpX,1MLxfMNuBOYnCbZDMhb1Zl,Hey Hey - Jack Back Remix,https://open.spotify.com/track/1MLxfMNuBOYnCbZDMhb1Zl,,"Dennis Ferrer, Jack Back, David Guetta",111.0
448,487jKTFqWhs6b0AEUz0WpX,5urzAWsnWOGUb6n9wC1mSj,Man on a Bench (Um Um Um),https://open.spotify.com/track/5urzAWsnWOGUb6n9wC1mSj,,ConKi,260.0
449,487jKTFqWhs6b0AEUz0WpX,6PK96Y20GrGeiU8yptYGfl,Yumi - edit,https://open.spotify.com/track/6PK96Y20GrGeiU8yptYGfl,,Notre Dame,78.0
450,487jKTFqWhs6b0AEUz0WpX,49wEdWGkL2CcOrXEKklXtJ,Milkshake 20 - Alex Wann Remix,https://open.spotify.com/track/49wEdWGkL2CcOrXEKklXtJ,,"Kelis, Alex Wann",243.0
451,487jKTFqWhs6b0AEUz0WpX,4b7akpitIiR9vJOiLbi06c,Baddie,https://open.spotify.com/track/4b7akpitIiR9vJOiLbi06c,,"Tom Enzy, Lucas Estrada, Tanaka",99.0
452,487jKTFqWhs6b0AEUz0WpX,41TZ7YP0hzQLnZ3pL0x7uz,Banho de Folhas - Maz Remix,https://open.spotify.com/track/41TZ7YP0hzQLnZ3pL0x7uz,,"Luedji Luna, Maz",193.0
453,487jKTFqWhs6b0AEUz0WpX,5XlPOZNYfOZK7mEc6T450x,Halele - Alex Wann Remix,https://open.spotify.com/track/5XlPOZNYfOZK7mEc6T450x,,"&friends, Samuel Cosmic, Oluwadamvic, Alex Wann",90.0
454,487jKTFqWhs6b0AEUz0WpX,7x0RIQjVXoCyapWthlRG69,It's Not Right - Radio Edit,https://open.spotify.com/track/7x0RIQjVXoCyapWthlRG69,,"Gianni Romano, Emanuele Esposito, Helen Tesfazghi",82.0
455,487jKTFqWhs6b0AEUz0WpX,4LRAxZ4t3Z4HnCl7Ff6g9Q,Show Me The Way,https://open.spotify.com/track/4LRAxZ4t3Z4HnCl7Ff6g9Q,,"Lucas Estrada, Besomorph, Jaimes",147.0
456,487jKTFqWhs6b0AEUz0WpX,6tE5zuD7eC7cV2O1IyjRLX,Anchor Point,https://open.spotify.com/track/6tE5zuD7eC7cV2O1IyjRLX,,"Ahmed Spins, Stevo Atambire",330.0
457,487jKTFqWhs6b0AEUz0WpX,57e5ib2PnvuiaTvaI4jGDp,Premier Gaou - Nitefreak Remix,https://open.spotify.com/track/57e5ib2PnvuiaTvaI4jGDp,,"Francis Mercier, Magic System, Nitefreak",253.0
458,487jKTFqWhs6b0AEUz0WpX,2XO3e2an4hrrEHsUU6zje3,Mind and Body,https://open.spotify.com/track/2XO3e2an4hrrEHsUU6zje3,,"Mannymore, feva., Orfa",47.0
459,487jKTFqWhs6b0AEUz0WpX,1kEdYirmW9IZ4R4QFaPvpE,Disappear,https://open.spotify.com/track/1kEdYirmW9IZ4R4QFaPvpE,,"THEMBA, Nico de Andrea, Tasan",63.0
460,487jKTFqWhs6b0AEUz0WpX,28YQJfxcZyuvdsNrDLDbik,Skill Of Love,https://open.spotify.com/track/28YQJfxcZyuvdsNrDLDbik,,"Alex Wann, Shimza",57.0
461,487jKTFqWhs6b0AEUz0WpX,4UHPdV0a90USlUxUgnXIU2,Told You,https://open.spotify.com/track/4UHPdV0a90USlUxUgnXIU2,,"Kiko Franco, Moser, Dyve",94.0
462,487jKTFqWhs6b0AEUz0WpX,3GpHjXjwvoohxCit270wwR,Aya - THEMBA's Herd Remix,https://open.spotify.com/track/3GpHjXjwvoohxCit270wwR,,"Infinity Ink, THEMBA",55.0
463,487jKTFqWhs6b0AEUz0WpX,7xF4m3N4NhUeLVbMnnwOnk,Losing My Religion,https://open.spotify.com/track/7xF4m3N4NhUeLVbMnnwOnk,,"Samantha Loveridge, Treetalk",69.0
464,487jKTFqWhs6b0AEUz0WpX,47pijfgcSq0ya8SLExKCxa,The Rhythm,https://open.spotify.com/track/47pijfgcSq0ya8SLExKCxa,,THEMBA,34.0
465,487jKTFqWhs6b0AEUz0WpX,3PWTpVxiU1LXtpzUhSsAKJ,Ohiboki,https://open.spotify.com/track/3PWTpVxiU1LXtpzUhSsAKJ,,"Ankhoï, Rita Kassid",36.0
466,487jKTFqWhs6b0AEUz0WpX,0yOysdr7tsFmofKvZJtDZD,Up Down,https://open.spotify.com/track/0yOysdr7tsFmofKvZJtDZD,,"PAGEZ, Bun Xapa, C-Mart",7.0
467,487jKTFqWhs6b0AEUz0WpX,54PCyKj5lICOgjk5WaC0li,Remember Me,https://open.spotify.com/track/54PCyKj5lICOgjk5WaC0li,,"BLOND:ISH, KeeQ, Tamara Blessa",38.0
468,487jKTFqWhs6b0AEUz0WpX,4BGbzOXgQqfhHUeqSJ1x9E,Somebody’s Watching Me,https://open.spotify.com/track/4BGbzOXgQqfhHUeqSJ1x9E,,"ItsArius, Lynnic, Dinia",99.0
469,487jKTFqWhs6b0AEUz0WpX,1jAx40KV2Azdq3ACzqWEmt,Mano Mano - Notre Dame Remix,https://open.spotify.com/track/1jAx40KV2Azdq3ACzqWEmt,,"Thee Suka, Notre Dame",69.0
470,487jKTFqWhs6b0AEUz0WpX,4DndSKZKWXbbBxi5lO4QUP,El Sueno,https://open.spotify.com/track/4DndSKZKWXbbBxi5lO4QUP,,"HUGEL, Cumbiafrica",202.0
471,487jKTFqWhs6b0AEUz0WpX,1dIgMBhevUWAxpJr5WRUh3,Skin,https://open.spotify.com/track/1dIgMBhevUWAxpJr5WRUh3,,"EMOTIONAL, Eleonora",121.0
472,487jKTFqWhs6b0AEUz0WpX,0ygBH3av9v8hPFPdfdIpgu,San Juan - Band&Dos Remix,https://open.spotify.com/track/0ygBH3av9v8hPFPdfdIpgu,,"Calussa, Sebastian Rivero, Band&dos",41.0
473,487jKTFqWhs6b0AEUz0WpX,6r0GDSVOZ4ZCcLEwvfK2fJ,Let Me Love You,https://open.spotify.com/track/6r0GDSVOZ4ZCcLEwvfK2fJ,,"Giorgio Gee, Matthew Clanton",94.0
474,487jKTFqWhs6b0AEUz0WpX,6164nunoWad9W43dUC2Z9o,TIKI,https://open.spotify.com/track/6164nunoWad9W43dUC2Z9o,,"AFRONOM, Marc Moon",115.0
475,487jKTFqWhs6b0AEUz0WpX,3KaOuwuIuZYfR1VhAENRXG,Runaway,https://open.spotify.com/track/3KaOuwuIuZYfR1VhAENRXG,,"AMÉMÉ, Notre Dame",30.0
476,487jKTFqWhs6b0AEUz0WpX,54jyhwMPIyNaYABgKhWqvk,Lugar Favorito,https://open.spotify.com/track/54jyhwMPIyNaYABgKhWqvk,,"BRAN, AFRONOM, Mannymore",103.0
477,487jKTFqWhs6b0AEUz0WpX,5Cw7nxRDInmjQ1sCE9jyRi,Wish We Could,https://open.spotify.com/track/5Cw7nxRDInmjQ1sCE9jyRi,,"Nico de Andrea, Darla Jade, Syon",85.0
478,487jKTFqWhs6b0AEUz0WpX,4Pyng2GRqbQe4ElWkcendQ,Barcelonia,https://open.spotify.com/track/4Pyng2GRqbQe4ElWkcendQ,,"Nathan Rux, LuxNite, feva.",39.0
479,487jKTFqWhs6b0AEUz0WpX,6DF1vTNnA3G4GlNxmVT4wT,Sunshine - Edit,https://open.spotify.com/track/6DF1vTNnA3G4GlNxmVT4wT,,Lavern,44.0
480,487jKTFqWhs6b0AEUz0WpX,0eHv3gOF9eslSleU89ZadE,Till the Morning Comes,https://open.spotify.com/track/0eHv3gOF9eslSleU89ZadE,,"Blaze U, feva., MVNA, Chris Crone",77.0
481,487jKTFqWhs6b0AEUz0WpX,4sPnuN2vegPaCLL7RgC9rV,Falling,https://open.spotify.com/track/4sPnuN2vegPaCLL7RgC9rV,,"Nitefreak, Mikaela Stenmo",22.0
482,487jKTFqWhs6b0AEUz0WpX,1rakaaEKMNAvqBjRJwRnx9,Dare Your Move,https://open.spotify.com/track/1rakaaEKMNAvqBjRJwRnx9,,MAXI MERAKI,87.0
483,487jKTFqWhs6b0AEUz0WpX,3QVlMojeEtArp5Aeh6YdZU,Baila,https://open.spotify.com/track/3QVlMojeEtArp5Aeh6YdZU,,"Blaze U, feva.",52.0
484,487jKTFqWhs6b0AEUz0WpX,200DiJQhDi69nkGXOrrJgn,The Rapture Pt.III,https://open.spotify.com/track/200DiJQhDi69nkGXOrrJgn,,"&ME, Black Coffee, Keinemusik",522.0
485,487jKTFqWhs6b0AEUz0WpX,3B8O3WgOaiKRcozz7AkIJi,Madan - Remix,https://open.spotify.com/track/3B8O3WgOaiKRcozz7AkIJi,,Salif Keita,25.0
486,487jKTFqWhs6b0AEUz0WpX,2qV6fEhmkGzdrw2Qn8wlEY,Bouyana,https://open.spotify.com/track/2qV6fEhmkGzdrw2Qn8wlEY,,"Bias, James Jim",39.0
487,487jKTFqWhs6b0AEUz0WpX,7IPofMltmVFlF1XwrnpZ8A,Anikana-O,https://open.spotify.com/track/7IPofMltmVFlF1XwrnpZ8A,,"The Deepshakerz, Lexa Hill, Afrika System",32.0
488,487jKTFqWhs6b0AEUz0WpX,1WtZCsQ6C4PtWnq3YqwVSs,Hinde,https://open.spotify.com/track/1WtZCsQ6C4PtWnq3YqwVSs,,"Nitefreak, Idd Aziz",36.0
489,487jKTFqWhs6b0AEUz0WpX,0ko0sZ5hNieT3LRq2lOGl3,Les Gout,https://open.spotify.com/track/0ko0sZ5hNieT3LRq2lOGl3,,"Rampa, chuala, Keinemusik",317.0
490,487jKTFqWhs6b0AEUz0WpX,3XCG6g2qjsbSWZbGiPONod,Solaris - Sabb Radiant Mix,https://open.spotify.com/track/3XCG6g2qjsbSWZbGiPONod,,"Nico Morano, Jinadu, Sabb",36.0
491,487jKTFqWhs6b0AEUz0WpX,620eMyji7XM9zf0kHwDsys,Não Sei Parar,https://open.spotify.com/track/620eMyji7XM9zf0kHwDsys,,"Bhaskar, Afterclapp",17.0
492,487jKTFqWhs6b0AEUz0WpX,32vq83751o0iZmHgFYD4fJ,September Nights,https://open.spotify.com/track/32vq83751o0iZmHgFYD4fJ,,"Alosa, Eliine",16.0
493,487jKTFqWhs6b0AEUz0WpX,5vaNPQoye1DYsXj0yckiCk,Cure My Desire (feat. Clementine Douglas) - Themba Remix,https://open.spotify.com/track/5vaNPQoye1DYsXj0yckiCk,,"Hannah Wants, Clementine Douglas, THEMBA",29.0
494,487jKTFqWhs6b0AEUz0WpX,0oTlIKCkZIoDlNR6TMZsGn,7 Seconds,https://open.spotify.com/track/0oTlIKCkZIoDlNR6TMZsGn,,"Joezi, Coco, Pape Diouf",97.0
495,487jKTFqWhs6b0AEUz0WpX,5MSpeSGuvcxiQS7Bd8np3q,Abandonment Issues,https://open.spotify.com/track/5MSpeSGuvcxiQS7Bd8np3q,,"Sio, Atmos Blaq",12.0
496,487jKTFqWhs6b0AEUz0WpX,3x1cJJJuwuJnzRuv7rrAnH,Ilesa,https://open.spotify.com/track/3x1cJJJuwuJnzRuv7rrAnH,,Tiwoan & Lance,16.0
497,487jKTFqWhs6b0AEUz0WpX,03APnPbNwfNtAW2olaveW0,Under,https://open.spotify.com/track/03APnPbNwfNtAW2olaveW0,,"Gaullin, TRFN",40.0
498,487jKTFqWhs6b0AEUz0WpX,7vVvsrRjGtEkKHaLxSG8Pn,Every Breath You Take,https://open.spotify.com/track/7vVvsrRjGtEkKHaLxSG8Pn,,"Simone Vitullo, Seraphiel",59.0
499,487jKTFqWhs6b0AEUz0WpX,1TVeCLmOhfvBm68Okc6xmo,Mi Casa,https://open.spotify.com/track/1TVeCLmOhfvBm68Okc6xmo,,"2fox, Nandi",84.0
500,487jKTFqWhs6b0AEUz0WpX,4bkHJAWyOkR15GCbMDLGry,Corazon,https://open.spotify.com/track/4bkHJAWyOkR15GCbMDLGry,,"Nico de Andrea, EMRIA",29.0
501,487jKTFqWhs6b0AEUz0WpX,5kInckjcUs4cHHLtNuK8BX,Hale,https://open.spotify.com/track/5kInckjcUs4cHHLtNuK8BX,,"Dan Bay, Idd Aziz",32.0
502,487jKTFqWhs6b0AEUz0WpX,2dwU9cQumllxZFtXgautY4,The Dream (feat. Martina Camargo),https://open.spotify.com/track/2dwU9cQumllxZFtXgautY4,,"Adam Port, Theus Mago, Keinemusik, Martina Camargo",82.0
503,487jKTFqWhs6b0AEUz0WpX,23xHKVpe8QA9Nv0yoBQQ0P,Vha Vhenda (THEMBA's Herd Mix),https://open.spotify.com/track/23xHKVpe8QA9Nv0yoBQQ0P,,"THEMBA, Philip Tabane",23.0